id;data_inversa;dia_semana;horario;uf;br;km;municipio;causa_acidente;tipo_acidente;classificacao_acidente;fase_dia;sentido_via;condicao_metereologica;tipo_pista;tracado_via;uso_solo;pessoas;veiculos
1062960;2012-02-17;Sexta;16:40:00;SP;116;115.4;TAUBATE;Não guardar distância de segurança;Colisão traseira;Sem Vítimas;Pleno dia;Decrescente;Ceu Claro;Dupla;Reta;Rural;3;3
1062991;2012-02-17;Sexta;18:50:00;SP;116;223.0;GUARULHOS;Outras;Colisão lateral;Sem Vítimas;Anoitecer;Decrescente;Chuva;Múltipla;Reta;Urbano;2;2
1062993;2012-02-21;Terça;08:00:00;SP;116;139.3;SAO JOSE DOS CAMPOS;Outras;Colisão com objeto fixo;Sem Vítimas;Pleno dia;Crescente;Sol;Dupla;Reta;Urbano;1;1
1062996;2012-02-19;Domingo;04:50:00;SP;116;206.7;GUARULHOS;Falta de atenção;Capotamento;Com Vítimas Feridas;Pleno dia;Decrescente;Ceu Claro;Dupla;Reta;Urbano;2;2
1063072;2012-02-17;Sexta;08:10:00;SP;116;156.0;SAO JOSE DOS CAMPOS;Falta de atenção;Colisão traseira;Sem Vítimas;Pleno dia;Decrescente;Ceu Claro;Simples;Reta;Urbano;2;2
1063104;2012-02-14;Terça;20:30:00;SP;116;202.0;ARUJA;Falta de atenção;Saída de Pista;Com Vítimas Feridas;Plena noite;Crescente;Chuva;Dupla;Reta;Urbano;1;1
1063136;2012-02-20;Segunda;11:30:00;SP;116;187.0;SAO JOSE DOS CAMPOS;Defeito mecânico em veículo;Incêndio;Com Vítimas Feridas;Pleno dia;Crescente;Ceu Claro;Dupla;Curva;Urbano;1;1
1063154;2012-02-08;Quarta;20:30:00;SP;116;165.0;JACAREI;Velocidade incompatível;Colisão traseira;Sem Vítimas;Anoitecer;Decrescente;Ceu Claro;Múltipla;Curva;Rural;3;3
1063156;2012-02-21;Terça;15:50:00;SP;116;116.7;TAUBATE;Outras;Colisão traseira;Sem Vítimas;Pleno dia;Crescente;Chuva;Dupla;Reta;Urbano;2;2
1063168;2012-02-21;Terça;12:40:00;SP;116;157.0;SAO JOSE DOS CAMPOS;Outras;Colisão lateral;Com Vítimas Feridas;Pleno dia;Decrescente;Nublado;Dupla;Reta;Urbano;3;2
1063322;2012-02-20;Segunda;11:30:00;SP;116;105.5;TAUBATE;Outras;Colisão com objeto fixo;Com Vítimas Feridas;Pleno dia;Crescente;Sol;Dupla;Reta;Urbano;5;1
1063326;2012-02-21;Terça;12:00:00;SP;116;220.5;GUARULHOS;Outras;Colisão Transversal;Com Vítimas Feridas;Pleno dia;Decrescente;Nublado;Múltipla;Reta;Urbano;3;2
1063454;2012-02-18;Sábado;12:40:00;SP;116;136.5;SAO JOSE DOS CAMPOS;Outras;Colisão traseira;Sem Vítimas;Pleno dia;Decrescente;Sol;Dupla;Reta;Urbano;3;3
1063458;2012-02-18;Sábado;21:30:00;SP;116;145.5;SAO JOSE DOS CAMPOS;Ingestão de álcool;Colisão traseira;Sem Vítimas;Plena noite;Crescente;Ceu Claro;Dupla;Reta;Rural;2;2
1063467;2012-02-19;Domingo;05:18:00;SP;116;144.7;SAO JOSE DOS CAMPOS;Outras;Colisão traseira;Sem Vítimas;Plena noite;Crescente;Ceu Claro;Múltipla;Reta;Urbano;2;2
1063478;2012-02-22;Quarta;06:40:00;SP;116;218.0;GUARULHOS;Outras;Colisão lateral;Sem Vítimas;Amanhecer;Decrescente;Ceu Claro;Múltipla;Reta;Urbano;2;2
1063531;2012-02-19;Domingo;06:20:00;SP;116;212.0;GUARULHOS;Defeito mecânico em veículo;Colisão com objeto móvel;Sem Vítimas;Pleno dia;Decrescente;Ceu Claro;Múltipla;Reta;Urbano;2;2
1063628;2012-02-22;Quarta;10:00:00;SP;116;110.7;TAUBATE;Dormindo;Colisão com objeto fixo;Sem Vítimas;Pleno dia;Crescente;Ceu Claro;Simples;Reta;Urbano;1;1
1063765;2012-02-19;Domingo;05:30:00;SP;116;144.5;SAO JOSE DOS CAMPOS;Outras;Queda de motocicleta / bicicleta / veículo;Com Vítimas Feridas;Plena noite;Crescente;Nublado;Simples;Reta;Urbano;1;1
1063884;2012-02-22;Quarta;10:45:00;SP;116;209.6;GUARULHOS;Outras;Colisão traseira;Sem Vítimas;Pleno dia;Crescente;Ceu Claro;Múltipla;Reta;Urbano;2;2
1063899;2012-02-18;Sábado;07:20:00;SP;116;212.0;GUARULHOS;Falta de atenção;Colisão lateral;Sem Vítimas;Pleno dia;Crescente;Ceu Claro;Dupla;Reta;Urbano;2;2
1063905;2012-02-22;Quarta;16:30:00;SP;116;210.0;GUARULHOS;Outras;Colisão lateral;Sem Vítimas;Pleno dia;Crescente;Ceu Claro;Dupla;Reta;Urbano;2;2
1063909;2012-02-22;Quarta;10:35:00;SP;116;210.0;GUARULHOS;Falta de atenção;Colisão traseira;Sem Vítimas;Pleno dia;Crescente;Ceu Claro;Dupla;Reta;Urbano;3;3
1063962;2012-02-22;Quarta;11:00:00;SP;116;228.0;SAO PAULO;Falta de atenção;Colisão traseira;Sem Vítimas;Pleno dia;Crescente;Ceu Claro;Múltipla;Reta;Urbano;3;3
1064158;2012-02-21;Terça;03:41:00;SP;116;110.3;TAUBATE;Falta de atenção;Colisão lateral;Sem Vítimas;Plena noite;Decrescente;Ceu Claro;Dupla;Reta;Urbano;2;2
1064168;2012-02-20;Segunda;00:05:00;SP;116;219.0;GUARULHOS;Outras;Saída de Pista;Sem Vítimas;Plena noite;Crescente;Ceu Claro;Dupla;Reta;Urbano;2;2
1064223;2012-02-17;Sexta;04:50:00;SP;116;220.0;GUARULHOS;Defeito na via;Colisão com objeto móvel;Com Vítimas Feridas;Plena noite;Crescente;Nublado;Múltipla;Reta;Urbano;1;1
1064249;2012-02-13;Segunda;17:00:00;SP;116;225.2;GUARULHOS;Outras;Colisão com objeto móvel;Com Vítimas Feridas;Pleno dia;Decrescente;Ceu Claro;Múltipla;Reta;Urbano;2;2
1064286;2012-02-23;Quinta;12:30:00;SP;116;154.0;SAO JOSE DOS CAMPOS;Outras;Colisão com objeto fixo;Sem Vítimas;Pleno dia;Decrescente;Ceu Claro;Dupla;Reta;Rural;6;6
1064292;2012-02-13;Segunda;20:45:00;SP;116;215.7;GUARULHOS;Outras;Atropelamento de pessoa;Com Vítimas Feridas;Plena noite;Crescente;Nublado;Múltipla;Reta;Urbano;2;1
1064311;2012-02-18;Sábado;00:28:00;SP;116;223.0;GUARULHOS;Outras;Colisão lateral;Sem Vítimas;Plena noite;Decrescente;Nublado;Múltipla;Reta;Urbano;2;2
1064392;2012-02-24;Sexta;09:30:00;SP;116;138.0;SAO JOSE DOS CAMPOS;Falta de atenção;Colisão traseira;Sem Vítimas;Pleno dia;Decrescente;Ceu Claro;Dupla;Reta;Urbano;2;2
1064400;2012-02-21;Terça;00:30:00;SP;116;176.5;GUARAREMA;Falta de atenção;Colisão com objeto fixo;Sem Vítimas;Plena noite;Crescente;Chuva;Dupla;Reta;Rural;1;1
1064448;2012-02-18;Sábado;11:00:00;SP;116;154.0;SAO JOSE DOS CAMPOS;Não guardar distância de segurança;Colisão traseira;Sem Vítimas;Pleno dia;Decrescente;Sol;Dupla;Reta;Urbano;2;2
1064475;2012-02-18;Sábado;18:10:00;SP;116;146.0;SAO JOSE DOS CAMPOS;Outras;Queda de motocicleta / bicicleta / veículo;Com Vítimas Feridas;Pleno dia;Decrescente;Sol;Dupla;Reta;Urbano;2;2
1064494;2012-02-23;Quinta;10:00:00;SP;116;222.0;GUARULHOS;Não guardar distância de segurança;Colisão lateral;Com Vítimas Feridas;Pleno dia;Crescente;Ceu Claro;Múltipla;Reta;Urbano;3;2
1064580;2012-02-22;Quarta;21:30:00;SP;116;222.0;GUARULHOS;Falta de atenção;Colisão lateral;Sem Vítimas;Plena noite;Decrescente;Ceu Claro;Múltipla;Reta;Urbano;4;4
1064607;2012-02-24;Sexta;18:00:00;SP;116;190.0;SANTA ISABEL;Falta de atenção;Colisão com objeto fixo;Sem Vítimas;Pleno dia;Crescente;Chuva;Dupla;Reta;Rural;1;1
1064609;2012-02-22;Quarta;02:10:00;SP;116;129.0;CACAPAVA;Outras;Capotamento;Sem Vítimas;Plena noite;Decrescente;Ceu Claro;Dupla;Reta;Urbano;1;1
1064624;2012-02-24;Sexta;17:00:00;SP;116;178.0;GUARAREMA;Falta de atenção;Colisão traseira;Sem Vítimas;Pleno dia;Crescente;Chuva;Dupla;Reta;Rural;2;2
1064668;2012-02-23;Quinta;14:35:00;SP;116;193.0;SANTA ISABEL;Outras;Colisão com objeto fixo;Sem Vítimas;Pleno dia;Crescente;Chuva;Simples;Reta;Rural;2;2
1064733;2012-02-22;Quarta;04:50:00;SP;116;140.5;SAO JOSE DOS CAMPOS;Outras;Colisão com objeto fixo;Com Vítimas Feridas;Plena noite;Decrescente;Ceu Claro;Dupla;Reta;Urbano;2;1
1064754;2012-02-23;Quinta;18:40:00;SP;116;218.0;GUARULHOS;Outras;Colisão lateral;Sem Vítimas;Pleno dia;Decrescente;Nublado;Múltipla;Reta;Urbano;2;2
1064765;2012-02-23;Quinta;18:20:00;SP;116;227.0;GUARULHOS;Outras;Colisão traseira;Sem Vítimas;Pleno dia;Decrescente;Chuva;Múltipla;Reta;Urbano;4;4
1064803;2012-02-24;Sexta;19:10:00;SP;116;225.8;GUARULHOS;Outras;Colisão traseira;Sem Vítimas;Anoitecer;Decrescente;Nublado;Múltipla;Reta;Urbano;3;3
1064855;2012-02-25;Sábado;02:25:00;SP;116;114.0;TAUBATE;Falta de atenção;Atropelamento de pessoa;Com Vítimas Feridas;Plena noite;Crescente;Nublado;Dupla;Reta;Urbano;2;1
1064856;2012-02-24;Sexta;18:00:00;SP;116;177.5;GUARAREMA;Outras;Colisão traseira;Com Vítimas Feridas;Anoitecer;Crescente;Chuva;Dupla;Reta;Rural;3;2
1065049;2012-02-16;Quinta;13:15:00;SP;116;145.6;SAO JOSE DOS CAMPOS;Outras;Colisão traseira;Sem Vítimas;Pleno dia;Crescente;Sol;Dupla;Reta;Urbano;4;4
1065090;2012-02-21;Terça;03:30:00;SP;116;225.9;GUARULHOS;Não guardar distância de segurança;Colisão lateral;Sem Vítimas;Plena noite;Crescente;Nublado;Dupla;Reta;Urbano;3;3
1065105;2012-02-18;Sábado;07:30:00;SP;116;145.6;SAO JOSE DOS CAMPOS;Não guardar distância de segurança;Colisão traseira;Sem Vítimas;Pleno dia;Decrescente;Nublado;Dupla;Reta;Urbano;3;3
1065113;2012-02-25;Sábado;10:10:00;SP;116;221.0;GUARULHOS;Velocidade incompatível;Colisão traseira;Sem Vítimas;Pleno dia;Decrescente;Sol;Múltipla;Reta;Urbano;7;7
1065119;2012-02-25;Sábado;15:30:00;SP;116;146.0;SAO JOSE DOS CAMPOS;Não guardar distância de segurança;Colisão traseira;Sem Vítimas;Pleno dia;Crescente;Ceu Claro;Dupla;Reta;Urbano;2;2
1065125;2012-02-24;Sexta;19:00:00;SP;116;225.0;GUARULHOS;Outras;Queda de motocicleta / bicicleta / veículo;Com Vítimas Feridas;Anoitecer;Decrescente;Chuva;Múltipla;Reta;Urbano;1;1
1065153;2012-02-22;Quarta;04:00:00;SP;116;141.4;SAO JOSE DOS CAMPOS;Outras;Colisão com objeto móvel;Sem Vítimas;Plena noite;Crescente;Nublado;Dupla;Reta;Urbano;1;1
1065235;2012-02-24;Sexta;10:00:00;SP;116;139.5;SAO JOSE DOS CAMPOS;Outras;Colisão traseira;Sem Vítimas;Pleno dia;Crescente;Ceu Claro;Dupla;Reta;Urbano;2;2
1065245;2012-02-25;Sábado;18:10:00;SP;116;213.3;GUARULHOS;Outras;Queda de motocicleta / bicicleta / veículo;Com Vítimas Feridas;Pleno dia;Crescente;Ceu Claro;Múltipla;Reta;Urbano;2;1
1065290;2012-02-25;Sábado;21:40:00;SP;116;146.9;SAO JOSE DOS CAMPOS;Falta de atenção;Colisão traseira;Com Vítimas Feridas;Plena noite;Crescente;Nublado;Dupla;Reta;Urbano;2;2
1065471;2012-02-26;Domingo;10:50:00;SP;116;218.8;GUARULHOS;Outras;Colisão lateral;Sem Vítimas;Pleno dia;Decrescente;Sol;Múltipla;Reta;Urbano;2;2
1065514;2012-02-25;Sábado;23:00:00;SP;116;214.0;GUARULHOS;Dormindo;Colisão com objeto fixo;Sem Vítimas;Plena noite;Decrescente;Chuva;Múltipla;Reta;Urbano;1;1
1065531;2012-02-22;Quarta;11:00:00;SP;116;224.0;GUARULHOS;Outras;Colisão traseira;Sem Vítimas;Pleno dia;Crescente;Ceu Claro;Múltipla;Reta;Urbano;3;3
1065561;2012-02-23;Quinta;06:30:00;SP;116;221.3;GUARULHOS;Outras;Colisão traseira;Sem Vítimas;Amanhecer;Decrescente;Ceu Claro;Múltipla;Reta;Urbano;2;2
1065703;2012-02-15;Quarta;16:25:00;SP;116;165.0;JACAREI;Defeito mecânico em veículo;Colisão com objeto fixo;Sem Vítimas;Pleno dia;Crescente;Ceu Claro;Dupla;Reta;Rural;1;1
1065727;2012-02-26;Domingo;05:45:00;SP;116;147.7;SAO JOSE DOS CAMPOS;Outras;Colisão traseira;Com Vítimas Feridas;Pleno dia;Decrescente;Ceu Claro;Dupla;Reta;Urbano;2;2
1065771;2012-02-21;Terça;15:00:00;SP;116;216.9;GUARULHOS;Outras;Saída de Pista;Com Vítimas Feridas;Pleno dia;Crescente;Nublado;Múltipla;Reta;Urbano;1;1
1065821;2012-02-27;Segunda;02:00:00;SP;116;170.7;JACAREI;Outras;Saída de Pista;Sem Vítimas;Plena noite;Crescente;Chuva;Dupla;Reta;Rural;1;1
1065824;2012-02-26;Domingo;15:00:00;SP;116;205.0;ARUJA;Falta de atenção;Colisão com objeto fixo;Sem Vítimas;Pleno dia;Crescente;Ceu Claro;Múltipla;Reta;Urbano;1;1
1065873;2012-02-24;Sexta;06:40:00;SP;116;144.5;SAO JOSE DOS CAMPOS;Falta de atenção;Colisão lateral;Com Vítimas Feridas;Amanhecer;Crescente;Ceu Claro;Dupla;Reta;Rural;3;2
1065888;2012-02-27;Segunda;00:15:00;SP;116;179.0;GUARAREMA;Outras;Colisão com objeto fixo;Com Vítimas Feridas;Plena noite;Decrescente;Chuva;Dupla;Reta;Urbano;2;1
1065919;2012-02-25;Sábado;18:06:00;SP;116;204.0;ARUJA;Outras;Colisão traseira;Sem Vítimas;Pleno dia;Crescente;Nublado;Múltipla;Reta;Urbano;2;2
1065925;2012-02-25;Sábado;11:24:00;SP;116;145.0;SAO JOSE DOS CAMPOS;Falta de atenção;Colisão traseira;Sem Vítimas;Pleno dia;Decrescente;Ceu Claro;Dupla;Reta;Urbano;2;2
1065936;2012-02-27;Segunda;02:25:00;SP;116;165.0;JACAREI;Outras;Colisão com objeto fixo;Sem Vítimas;Plena noite;Crescente;Chuva;Dupla;Reta;Rural;1;1
1065958;2012-02-24;Sexta;02:45:00;SP;116;227.2;SAO PAULO;Dormindo;Colisão traseira;Com Vítimas Feridas;Plena noite;Decrescente;Ceu Claro;Múltipla;Reta;Urbano;3;2
1066051;2012-02-27;Segunda;13:40:00;SP;116;157.0;SAO JOSE DOS CAMPOS;Defeito mecânico em veículo;Tombamento;Com Vítimas Feridas;Pleno dia;Crescente;Sol;Múltipla;Reta;Urbano;1;1
1066075;2012-02-17;Sexta;19:30:00;SP;116;120.2;TAUBATE;Falta de atenção;Colisão traseira;Sem Vítimas;Anoitecer;Decrescente;Chuva;Simples;Reta;Rural;3;2
1066098;2012-02-24;Sexta;16:44:00;SP;116;153.2;SAO JOSE DOS CAMPOS;Não guardar distância de segurança;Colisão traseira;Sem Vítimas;Pleno dia;Decrescente;Nublado;Dupla;Reta;Urbano;2;2
1066284;2012-02-23;Quinta;08:00:00;SP;116;154.0;SAO JOSE DOS CAMPOS;Não guardar distância de segurança;Colisão traseira;Sem Vítimas;Pleno dia;Crescente;Sol;Dupla;Reta;Urbano;4;4
1066303;2012-02-26;Domingo;07:50:00;SP;116;124.7;CACAPAVA;Outras;Colisão com objeto fixo;Sem Vítimas;Pleno dia;Decrescente;Sol;Dupla;Reta;Urbano;1;1
1066562;2012-02-25;Sábado;02:38:00;SP;116;116.1;TAUBATE;Ingestão de álcool;Colisão traseira;Sem Vítimas;Plena noite;Decrescente;Ceu Claro;Dupla;Reta;Urbano;2;2
1066663;2012-02-25;Sábado;04:00:00;SP;116;101.0;PINDAMONHANGABA;Outras;Colisão traseira;Sem Vítimas;Plena noite;Decrescente;Ceu Claro;Dupla;Reta;Rural;2;2
1066681;2012-02-28;Terça;07:40:00;SP;116;221.0;GUARULHOS;Outras;Colisão lateral;Com Vítimas Feridas;Pleno dia;Decrescente;Sol;Múltipla;Reta;Urbano;2;2
1066697;2012-02-28;Terça;08:00:00;SP;116;116.0;TAUBATE;Outras;Atropelamento de pessoa;Com Vítimas Feridas;Pleno dia;Crescente;Ceu Claro;Dupla;Reta;Urbano;2;1
1066722;2012-02-28;Terça;10:50:00;SP;116;116.0;TAUBATE;Defeito mecânico em veículo;Colisão com objeto fixo;Sem Vítimas;Pleno dia;Decrescente;Ceu Claro;Dupla;Reta;Urbano;2;2
1066738;2012-02-28;Terça;12:25:00;SP;116;115.6;TAUBATE;Falta de atenção;Colisão lateral;Sem Vítimas;Pleno dia;Crescente;Ceu Claro;Dupla;Reta;Urbano;2;2
1066838;2012-02-24;Sexta;17:00:00;SP;116;218.0;GUARULHOS;Outras;Colisão traseira;Sem Vítimas;Pleno dia;Decrescente;Ceu Claro;Múltipla;Reta;Urbano;2;2
1066842;2012-02-27;Segunda;06:20:00;SP;116;100.5;PINDAMONHANGABA;Não guardar distância de segurança;Colisão traseira;Sem Vítimas;Pleno dia;Crescente;Sol;Dupla;Reta;Urbano;2;2
1066887;2012-02-27;Segunda;16:40:00;SP;116;128.3;CACAPAVA;Outras;Colisão traseira;Sem Vítimas;Pleno dia;Decrescente;Ceu Claro;Dupla;Reta;Urbano;2;2
1066888;2012-02-17;Sexta;16:30:00;SP;116;142.0;SAO JOSE DOS CAMPOS;Não guardar distância de segurança;Colisão traseira;Sem Vítimas;Pleno dia;Decrescente;Nublado;Simples;Reta;Urbano;3;3
1066890;2012-02-20;Segunda;16:45:00;SP;116;219.0;GUARULHOS;Outras;Colisão traseira;Sem Vítimas;Pleno dia;Decrescente;Ceu Claro;Múltipla;Reta;Urbano;2;2
1066892;2012-02-27;Segunda;17:00:00;SP;116;105.6;TAUBATE;Outras;Colisão traseira;Sem Vítimas;Pleno dia;Crescente;Sol;Dupla;Reta;Urbano;2;2
1066973;2012-02-28;Terça;17:00:00;SP;116;182.3;SANTA ISABEL;Defeito mecânico em veículo;Colisão com objeto fixo;Sem Vítimas;Pleno dia;Decrescente;Ceu Claro;Múltipla;Reta;Rural;1;1
1067049;2012-02-29;Quarta;08:30:00;SP;116;222.0;GUARULHOS;Não guardar distância de segurança;Colisão traseira;Sem Vítimas;Pleno dia;Decrescente;Ceu Claro;Múltipla;Reta;Urbano;2;2
1067128;2012-02-29;Quarta;08:23:00;SP;116;138.0;SAO JOSE DOS CAMPOS;Outras;Colisão traseira;Sem Vítimas;Pleno dia;Crescente;Ceu Claro;Dupla;Reta;Urbano;2;2
1067163;2012-02-29;Quarta;08:30:00;SP;116;115.4;TAUBATE;Outras;Queda de motocicleta / bicicleta / veículo;Com Vítimas Feridas;Pleno dia;Crescente;Sol;Dupla;Reta;Urbano;2;2
1067232;2012-02-23;Quinta;15:30:00;SP;116;210.0;GUARULHOS;Não guardar distância de segurança;Colisão lateral;Sem Vítimas;Pleno dia;Decrescente;Nublado;Simples;Reta;Urbano;2;2
1067233;2012-02-29;Quarta;12:40:00;SP;116;219.0;GUARULHOS;Falta de atenção;Colisão traseira;Sem Vítimas;Pleno dia;Crescente;Sol;Múltipla;Reta;Urbano;2;2
1067241;2012-02-19;Domingo;12:45:00;SP;116;204.0;ARUJA;Não guardar distância de segurança;Colisão lateral;Sem Vítimas;Pleno dia;Decrescente;Nublado;Simples;Reta;Urbano;2;2
1067259;2012-02-29;Quarta;15:30:00;SP;116;223.0;GUARULHOS;Outras;Atropelamento de pessoa;Com Vítimas Feridas;Pleno dia;Decrescente;Ceu Claro;Dupla;Reta;Urbano;2;1
1067319;2012-02-25;Sábado;15:30:00;SP;116;204.5;ARUJA;Não guardar distância de segurança;Colisão traseira;Sem Vítimas;Pleno dia;Decrescente;Ceu Claro;Múltipla;Reta;Rural;2;2
1067326;2012-02-28;Terça;11:10:00;SP;116;220.0;GUARULHOS;Outras;Colisão traseira;Sem Vítimas;Pleno dia;Crescente;Ceu Claro;Múltipla;Reta;Urbano;3;3
1067375;2012-02-28;Terça;11:42:00;SP;116;115.9;TAUBATE;Outras;Capotamento;Com Vítimas Feridas;Pleno dia;Crescente;Sol;Dupla;Reta;Rural;2;2
1067552;2012-02-29;Quarta;07:30:00;SP;116;100.5;PINDAMONHANGABA;Outras;Colisão com objeto fixo;Com Vítimas Feridas;Pleno dia;Decrescente;Ceu Claro;Dupla;Reta;Rural;1;1
1067587;2012-02-22;Quarta;06:20:00;SP;116;142.5;SAO JOSE DOS CAMPOS;Outras;Colisão traseira;Sem Vítimas;Amanhecer;Decrescente;Ceu Claro;Dupla;Reta;Urbano;2;2
1067685;2012-02-06;Segunda;17:30:00;SP;116;219.0;GUARULHOS;Falta de atenção;Colisão lateral;Sem Vítimas;Pleno dia;Decrescente;Ceu Claro;Múltipla;Reta;Urbano;2;2
1067748;2012-03-01;Quinta;11:00:00;SP;116;229.0;SAO PAULO;Outras;Colisão lateral;Sem Vítimas;Pleno dia;Crescente;Ceu Claro;Múltipla;Reta;Urbano;2;2
1067779;2012-03-01;Quinta;19:30:00;SP;116;221.0;GUARULHOS;Outras;Colisão lateral;Com Vítimas Feridas;Plena noite;Crescente;Ceu Claro;Múltipla;Reta;Urbano;3;2
1067806;2012-03-01;Quinta;17:00:00;SP;116;133.7;CACAPAVA;Não guardar distância de segurança;Colisão traseira;Sem Vítimas;Pleno dia;Decrescente;Sol;Dupla;Reta;Urbano;2;2
1067807;2012-02-21;Terça;09:20:00;SP;116;166.0;JACAREI;Outras;Colisão com objeto fixo;Sem Vítimas;Pleno dia;Decrescente;Chuva;Dupla;Reta;Urbano;1;1
1067808;2012-02-25;Sábado;21:15:00;SP;116;223.5;GUARULHOS;Outras;Atropelamento de pessoa;Com Vítimas Feridas;Plena noite;Decrescente;Ceu Claro;Múltipla;Reta;Urbano;4;3
1067919;2012-03-02;Sexta;02:40:00;SP;116;113.0;TAUBATE;Outras;Colisão traseira;Sem Vítimas;Plena noite;Decrescente;Ceu Claro;Dupla;Reta;Urbano;2;2
1067928;2012-03-02;Sexta;03:25:00;SP;116;187.5;SANTA ISABEL;Outras;Tombamento;Com Vítimas Feridas;Plena noite;Decrescente;Ceu Claro;Dupla;Reta;Urbano;1;1
1067947;2012-02-27;Segunda;12:20:00;SP;116;218.0;GUARULHOS;Outras;Colisão lateral;Sem Vítimas;Pleno dia;Decrescente;Ceu Claro;Múltipla;Reta;Urbano;2;2
1067964;2012-03-02;Sexta;07:50:00;SP;116;158.0;JACAREI;Não guardar distância de segurança;Colisão traseira;Sem Vítimas;Pleno dia;Crescente;Ceu Claro;Dupla;Reta;Urbano;4;4
1068176;2012-03-02;Sexta;16:30:00;SP;116;147.0;SAO JOSE DOS CAMPOS;Falta de atenção;Colisão traseira;Sem Vítimas;Pleno dia;Decrescente;Ceu Claro;Dupla;Reta;Urbano;2;2
1068186;2012-03-02;Sexta;18:20:00;SP;116;155.0;SAO JOSE DOS CAMPOS;Falta de atenção;Colisão lateral;Sem Vítimas;Anoitecer;Crescente;Ceu Claro;Dupla;Reta;Urbano;3;3
1068222;2012-03-01;Quinta;09:00:00;SP;116;139.8;SAO JOSE DOS CAMPOS;Não guardar distância de segurança;Colisão traseira;Sem Vítimas;Pleno dia;Crescente;Sol;Dupla;Reta;Urbano;2;2
1068317;2012-03-01;Quinta;14:30:00;SP;116;169.0;JACAREI;Outras;Colisão traseira;Com Vítimas Feridas;Pleno dia;Crescente;Sol;Dupla;Reta;Rural;2;2
1068381;2012-03-01;Quinta;17:40:00;SP;116;156.0;SAO JOSE DOS CAMPOS;Não guardar distância de segurança;Colisão traseira;Com Vítimas Feridas;Pleno dia;Decrescente;Sol;Múltipla;Reta;Urbano;2;2
1068495;2012-02-19;Domingo;01:00:00;SP;116;132.9;CACAPAVA;Falta de atenção;Saída de Pista;Sem Vítimas;Amanhecer;Decrescente;Ceu Claro;Simples;Reta;Rural;1;1
1068579;2012-02-29;Quarta;14:05:00;SP;116;213.0;GUARULHOS;Falta de atenção;Colisão lateral;Sem Vítimas;Pleno dia;Decrescente;Sol;Simples;Curva;Urbano;2;2
1068619;2012-03-03;Sábado;14:00:00;SP;116;152.0;SAO JOSE DOS CAMPOS;Falta de atenção;Colisão traseira;Sem Vítimas;Pleno dia;Decrescente;Ceu Claro;Dupla;Reta;Urbano;2;2
1068667;2012-03-02;Sexta;14:25:00;SP;116;224.8;GUARULHOS;Não guardar distância de segurança;Colisão traseira;Sem Vítimas;Pleno dia;Decrescente;Chuva;Múltipla;Reta;Urbano;6;6
1068730;2012-03-02;Sexta;16:25:00;SP;116;177.2;GUARAREMA;Outras;Saída de Pista;Sem Vítimas;Pleno dia;Decrescente;Chuva;Simples;Curva;Rural;1;1
1068750;2012-03-02;Sexta;16:05:00;SP;116;146.9;SAO JOSE DOS CAMPOS;Outras;Colisão traseira;Sem Vítimas;Pleno dia;Decrescente;Ceu Claro;Dupla;Reta;Urbano;3;3
1068781;2012-03-01;Quinta;05:30:00;SP;116;155.0;SAO JOSE DOS CAMPOS;Falta de atenção;Colisão traseira;Sem Vítimas;Plena noite;Crescente;Nublado;Dupla;Reta;Urbano;2;2
1068795;2012-03-02;Sexta;17:20:00;SP;116;139.9;SAO JOSE DOS CAMPOS;Falta de atenção;Colisão traseira;Sem Vítimas;Pleno dia;Crescente;Nublado;Dupla;Reta;Urbano;3;3
1068915;2012-03-03;Sábado;20:30:00;SP;116;210.0;GUARULHOS;Outras;Colisão traseira;Sem Vítimas;Plena noite;Crescente;Ceu Claro;Múltipla;Reta;Urbano;2;2
1068944;2012-03-01;Quinta;07:03:00;SP;116;142.0;SAO JOSE DOS CAMPOS;Outras;Colisão traseira;Com Vítimas Feridas;Pleno dia;Crescente;Ceu Claro;Dupla;Reta;Urbano;2;2
1068975;2012-02-26;Domingo;10:10:00;SP;116;165.0;JACAREI;Falta de atenção;Colisão traseira;Sem Vítimas;Pleno dia;Decrescente;Ceu Claro;Dupla;Reta;Urbano;2;2
1068985;2012-02-29;Quarta;09:45:00;SP;116;147.4;SAO JOSE DOS CAMPOS;Não guardar distância de segurança;Colisão traseira;Sem Vítimas;Pleno dia;Crescente;Sol;Dupla;Reta;Urbano;2;2
1069109;2012-03-04;Domingo;15:10:00;SP;116;131.6;CACAPAVA;Outras;Capotamento;Com Vítimas Feridas;Pleno dia;Crescente;Sol;Dupla;Reta;Urbano;3;1
1069124;2012-03-02;Sexta;11:00:00;SP;116;161.3;JACAREI;Outras;Colisão lateral;Sem Vítimas;Pleno dia;Decrescente;Ceu Claro;Dupla;Reta;Urbano;2;2
1069129;2012-03-02;Sexta;20:30:00;SP;116;222.3;GUARULHOS;Outras;Colisão com objeto fixo;Sem Vítimas;Plena noite;Decrescente;Nublado;Múltipla;Reta;Urbano;2;2