id;data_inversa;dia_semana;horario;uf;br;km;municipio;causa_acidente;tipo_acidente;classificacao_acidente;fase_dia;sentido_via;condicao_metereologica;tipo_pista;tracado_via;uso_solo;pessoas;veiculos
1080780;2012-03-26;Segunda;13:00:00;SP;116;211.0;GUARULHOS;Outras;Colisão lateral;Sem Vítimas;Pleno dia;Decrescente;Ceu Claro;Múltipla;Reta;Urbano;2;2
1080800;2012-03-14;Quarta;09:50:00;SP;116;220.0;GUARULHOS;Não guardar distância de segurança;Colisão traseira;Sem Vítimas;Pleno dia;Crescente;Sol;Múltipla;Reta;Urbano;2;2
1080813;2012-03-14;Quarta;17:15:00;SP;116;228.0;SAO PAULO;Outras;Colisão lateral;Sem Vítimas;Pleno dia;Decrescente;Nublado;Múltipla;Reta;Urbano;2;2
1080822;2012-03-19;Segunda;02:00:00;SP;116;216.9;GUARULHOS;Outras;Queda de motocicleta / bicicleta / veículo;Com Vítimas Feridas;Plena noite;Crescente;Nublado;Múltipla;Reta;Urbano;2;2
1080853;2012-03-26;Segunda;22:42:00;SP;116;118.4;TAUBATE;Outras;Tombamento;Sem Vítimas;Plena noite;Decrescente;Ceu Claro;Dupla;Reta;Urbano;2;2
1080942;2012-03-25;Domingo;06:30:00;SP;116;220.0;GUARULHOS;Falta de atenção;Colisão com objeto fixo;Sem Vítimas;Pleno dia;Decrescente;Ceu Claro;Múltipla;Reta;Urbano;1;1
1080951;2012-03-24;Sábado;02:15:00;SP;116;217.0;GUARULHOS;Outras;Colisão traseira;Com Vítimas Feridas;Plena noite;Decrescente;Ceu Claro;Múltipla;Reta;Urbano;2;2
1080954;2012-03-24;Sábado;04:35:00;SP;116;134.3;SAO JOSE DOS CAMPOS;Outras;Capotamento;Com Vítimas Feridas;Plena noite;Decrescente;Nublado;Dupla;Reta;Rural;2;2
1081328;2012-03-19;Segunda;10:50:00;SP;116;204.0;ARUJA;Outras;Colisão traseira;Sem Vítimas;Pleno dia;Crescente;Sol;Dupla;Reta;Urbano;2;2
1081391;2012-03-19;Segunda;18:00:00;SP;116;202.0;ARUJA;Falta de atenção;Colisão lateral;Sem Vítimas;Anoitecer;Decrescente;Ceu Claro;Dupla;Reta;Urbano;2;2
1081428;2012-03-22;Quinta;17:00:00;SP;116;145.0;SAO JOSE DOS CAMPOS;Não guardar distância de segurança;Colisão traseira;Com Vítimas Feridas;Anoitecer;Crescente;Ceu Claro;Dupla;Reta;Urbano;2;2
1081576;2012-03-20;Terça;18:00:00;SP;116;210.9;GUARULHOS;Falta de atenção;Colisão traseira;Sem Vítimas;Anoitecer;Crescente;Ceu Claro;Múltipla;Reta;Urbano;2;2
1081688;2012-03-26;Segunda;18:30:00;SP;116;150.0;SAO JOSE DOS CAMPOS;Outras;Colisão traseira;Com Vítimas Feridas;Anoitecer;Crescente;Ceu Claro;Dupla;Reta;Urbano;4;3
1081737;2012-03-25;Domingo;05:40:00;SP;116;146.7;SAO JOSE DOS CAMPOS;Outras;Tombamento;Com Vítimas Feridas;Amanhecer;Crescente;Nublado;Múltipla;Reta;Urbano;2;1
1081882;2012-03-24;Sábado;23:15:00;SP;116;159.2;JACAREI;Outras;Colisão traseira;Com Vítimas Feridas;Plena noite;Decrescente;Ceu Claro;Dupla;Reta;Urbano;2;2
1082041;2012-03-27;Terça;18:30:00;SP;116;227.0;SAO PAULO;Outras;Colisão com objeto fixo;Com Vítimas Feridas;Anoitecer;Crescente;Chuva;Dupla;Curva;Urbano;1;1
1082050;2012-03-28;Quarta;18:40:00;SP;116;218.0;GUARULHOS;Não guardar distância de segurança;Colisão lateral;Com Vítimas Feridas;Plena noite;Decrescente;Ceu Claro;Múltipla;Reta;Urbano;2;2
1082063;2012-03-27;Terça;18:55:00;SP;116;120.2;CACAPAVA;Não guardar distância de segurança;Colisão traseira;Sem Vítimas;Plena noite;Decrescente;Chuva;Dupla;Reta;Rural;2;2
1082081;2012-03-27;Terça;10:45:00;SP;116;182.0;SANTA ISABEL;Não guardar distância de segurança;Colisão traseira;Sem Vítimas;Pleno dia;Crescente;Ceu Claro;Simples;Reta;Rural;2;2
1082110;2012-03-27;Terça;09:15:00;SP;116;147.1;SAO JOSE DOS CAMPOS;Não guardar distância de segurança;Colisão traseira;Sem Vítimas;Pleno dia;Crescente;Sol;Dupla;Reta;Urbano;2;2
1082118;2012-03-23;Sexta;23:20:00;SP;116;152.3;SAO JOSE DOS CAMPOS;Não guardar distância de segurança;Colisão traseira;Com Vítimas Feridas;Plena noite;Crescente;Nublado;Dupla;Reta;Urbano;3;2
1082131;2012-03-23;Sexta;13:00:00;SP;116;218.0;GUARULHOS;Outras;Colisão traseira;Sem Vítimas;Pleno dia;Decrescente;Ceu Claro;Múltipla;Reta;Urbano;3;3
1082150;2012-03-28;Quarta;08:00:00;SP;116;226.0;GUARULHOS;Não guardar distância de segurança;Colisão lateral;Sem Vítimas;Amanhecer;Crescente;Sol;Múltipla;Reta;Urbano;2;2
1082171;2012-03-24;Sábado;22:15:00;SP;116;216.9;GUARULHOS;Outras;Colisão com objeto fixo;Ignorado;Plena noite;Decrescente;Chuva;Múltipla;Reta;Urbano;1;1
1082222;2012-03-28;Quarta;21:05:00;SP;116;189.0;SANTA ISABEL;Não guardar distância de segurança;Colisão traseira;Sem Vítimas;Plena noite;Crescente;Nublado;Simples;Reta;Rural;2;2
1082287;2012-03-28;Quarta;18:45:00;SP;116;149.5;SAO JOSE DOS CAMPOS;Outras;Colisão traseira;Sem Vítimas;Plena noite;Crescente;Nublado;Simples;Reta;Urbano;2;2
1082302;2012-03-24;Sábado;23:40:00;SP;116;227.0;GUARULHOS;Outras;Tombamento;Com Vítimas Feridas;Plena noite;Decrescente;Nevoeiro/neblina;Múltipla;Reta;Urbano;3;1
1082311;2012-03-27;Terça;17:20:00;SP;116;147.0;SAO JOSE DOS CAMPOS;Outras;Colisão traseira;Sem Vítimas;Anoitecer;Decrescente;Ceu Claro;Múltipla;Reta;Urbano;2;2
1082322;2012-03-27;Terça;00:40:00;SP;116;150.9;SAO JOSE DOS CAMPOS;Não guardar distância de segurança;Colisão traseira;Sem Vítimas;Plena noite;Decrescente;Ceu Claro;Dupla;Reta;Urbano;2;2
1082355;2012-03-28;Quarta;12:15:00;SP;116;157.8;SAO JOSE DOS CAMPOS;Outras;Colisão com objeto fixo;Sem Vítimas;Pleno dia;Crescente;Chuva;Múltipla;Reta;Urbano;1;1
1082464;2012-03-26;Segunda;01:00:00;SP;116;182.3;SANTA ISABEL;Não guardar distância de segurança;Colisão traseira;Sem Vítimas;Plena noite;Decrescente;Ceu Claro;Simples;Reta;Rural;3;3
1082465;2012-03-29;Quinta;08:35:00;SP;116;139.8;SAO JOSE DOS CAMPOS;Outras;Colisão traseira;Sem Vítimas;Pleno dia;Crescente;Nublado;Dupla;Reta;Urbano;2;2
1082476;2012-03-26;Segunda;01:59:00;SP;116;213.0;GUARULHOS;Falta de atenção;Colisão com objeto fixo;Com Vítimas Feridas;Plena noite;Crescente;Ceu Claro;Múltipla;Reta;Urbano;2;1
1082493;2012-03-29;Quinta;10:30:00;SP;116;127.0;CACAPAVA;Defeito mecânico em veículo;Capotamento;Com Vítimas Feridas;Pleno dia;Crescente;Nublado;Dupla;Reta;Urbano;1;1
1082522;2012-03-29;Quinta;07:00:00;SP;116;222.8;GUARULHOS;Não guardar distância de segurança;Colisão traseira;Com Vítimas Feridas;Pleno dia;Crescente;Nublado;Múltipla;Reta;Urbano;2;2
1082580;2012-03-26;Segunda;05:30:00;SP;116;220.0;GUARULHOS;Não guardar distância de segurança;Colisão traseira;Com Vítimas Feridas;Amanhecer;Crescente;Nublado;Múltipla;Reta;Urbano;5;5
1082638;2012-03-29;Quinta;09:00:00;SP;116;229.0;SAO PAULO;Outras;Colisão lateral;Com Vítimas Feridas;Pleno dia;Crescente;Ceu Claro;Múltipla;Reta;Urbano;3;3
1082642;2012-03-28;Quarta;03:00:00;SP;116;170.2;JACAREI;Defeito mecânico em veículo;Saída de Pista;Sem Vítimas;Plena noite;Decrescente;Ceu Claro;Dupla;Curva;Rural;1;1
1082664;2012-03-28;Quarta;17:30:00;SP;116;129.9;CACAPAVA;Ultrapassagem indevida;Colisão traseira;Com Vítimas Feridas;Pleno dia;Decrescente;Sol;Dupla;Reta;Urbano;3;3
1082696;2012-02-10;Sexta;17:30:00;SP;116;214.0;GUARULHOS;Falta de atenção;Colisão traseira;Sem Vítimas;Pleno dia;Decrescente;Ceu Claro;Dupla;Reta;Urbano;3;3
1082716;2012-03-27;Terça;19:20:00;SP;116;223.0;GUARULHOS;Outras;Colisão traseira;Sem Vítimas;Plena noite;Decrescente;Ceu Claro;Múltipla;Reta;Urbano;3;3
1082743;2012-03-28;Quarta;08:01:00;SP;116;104.3;TAUBATE;Falta de atenção;Queda de motocicleta / bicicleta / veículo;Com Vítimas Feridas;Pleno dia;Crescente;Ceu Claro;Múltipla;Reta;Urbano;1;1
1082816;2012-03-21;Quarta;22:00:00;SP;116;221.0;GUARULHOS;Falta de atenção;Colisão com objeto fixo;Sem Vítimas;Plena noite;Crescente;Ceu Claro;Múltipla;Reta;Urbano;1;1
1082818;2012-03-29;Quinta;14:45:00;SP;116;222.5;GUARULHOS;Falta de atenção;Colisão lateral;Sem Vítimas;Pleno dia;Crescente;Ceu Claro;Múltipla;Reta;Urbano;2;2
1082823;2012-03-26;Segunda;06:15:00;SP;116;220.0;GUARULHOS;Falta de atenção;Atropelamento de pessoa;Com Vítimas Feridas;Amanhecer;Crescente;Ceu Claro;Múltipla;Reta;Urbano;2;1
1082850;2012-03-29;Quinta;20:12:00;SP;116;145.9;SAO JOSE DOS CAMPOS;Outras;Colisão traseira;Sem Vítimas;Plena noite;Decrescente;Ceu Claro;Múltipla;Reta;Urbano;2;2
1082862;2012-03-24;Sábado;22:40:00;SP;116;222.0;GUARULHOS;Outras;Saída de Pista;Sem Vítimas;Plena noite;Crescente;Chuva;Múltipla;Reta;Urbano;1;1
1082942;2012-03-28;Quarta;21:30:00;SP;116;188.0;SANTA ISABEL;Outras;Colisão com objeto fixo;Sem Vítimas;Plena noite;Decrescente;Nublado;Simples;Reta;Rural;1;1
1082951;2012-03-26;Segunda;18:30:00;SP;116;149.5;SAO JOSE DOS CAMPOS;Outras;Colisão traseira;Sem Vítimas;Plena noite;Crescente;Ceu Claro;Dupla;Reta;Urbano;2;2
1083008;2012-03-26;Segunda;17:30:00;SP;116;154.1;SAO JOSE DOS CAMPOS;Não guardar distância de segurança;Colisão traseira;Sem Vítimas;Pleno dia;Decrescente;Ceu Claro;Múltipla;Reta;Urbano;2;2
1083031;2012-03-27;Terça;10:30:00;SP;116;201.0;ARUJA;Outras;Tombamento;Com Vítimas Feridas;Pleno dia;Decrescente;Sol;Dupla;Reta;Urbano;1;1
1083043;2012-03-31;Sábado;07:50:00;SP;116;111.0;TAUBATE;Ingestão de álcool;Colisão Transversal;Com Vítimas Feridas;Pleno dia;Crescente;Ceu Claro;Dupla;Reta;Urbano;4;3
1083057;2012-03-27;Terça;11:50:00;SP;116;210.0;GUARULHOS;Outras;Colisão traseira;Sem Vítimas;Pleno dia;Crescente;Sol;Múltipla;Reta;Urbano;3;3
1083094;2012-03-26;Segunda;14:40:00;SP;116;110.5;TAUBATE;Não guardar distância de segurança;Colisão com bicicleta;Com Vítimas Feridas;Pleno dia;Decrescente;Ceu Claro;Dupla;Reta;Urbano;2;2
1083122;2012-03-31;Sábado;11:30:00;SP;116;216.0;GUARULHOS;Outras;Colisão com objeto fixo;Com Vítimas Feridas;Pleno dia;Decrescente;Sol;Múltipla;Reta;Urbano;1;1
1083238;2012-03-31;Sábado;18:30:00;SP;116;158.0;SAO JOSE DOS CAMPOS;Outras;Colisão com objeto fixo;Sem Vítimas;Plena noite;Crescente;Ceu Claro;Dupla;Reta;Urbano;2;2
1083315;2012-03-31;Sábado;20:25:00;SP;116;210.0;GUARULHOS;Outras;Colisão traseira;Sem Vítimas;Plena noite;Crescente;Nublado;Dupla;Reta;Urbano;2;2
1083331;2012-03-29;Quinta;21:50:00;SP;116;206.1;GUARULHOS;Outras;Queda de motocicleta / bicicleta / veículo;Com Vítimas Fatais;Plena noite;Decrescente;Nublado;Dupla;Reta;Rural;1;1
1083357;2012-03-31;Sábado;20:40:00;SP;116;141.9;SAO JOSE DOS CAMPOS;Outras;Capotamento;Sem Vítimas;Plena noite;Decrescente;Ceu Claro;Dupla;Reta;Urbano;1;1
1083388;2012-03-30;Sexta;14:00:00;SP;116;109.7;TAUBATE;Outras;Colisão traseira;Sem Vítimas;Pleno dia;Crescente;Ceu Claro;Dupla;Reta;Urbano;2;2
1083481;2012-03-31;Sábado;21:45:00;SP;116;170.0;JACAREI;Outras;Colisão com objeto fixo;Sem Vítimas;Plena noite;Crescente;Ceu Claro;Dupla;Reta;Urbano;2;2
1083489;2012-03-28;Quarta;18:50:00;SP;116;214.0;GUARULHOS;Não guardar distância de segurança;Colisão traseira;Sem Vítimas;Plena noite;Crescente;Nublado;Múltipla;Reta;Urbano;2;2
1083556;2012-03-31;Sábado;06:00:00;SP;116;221.9;GUARULHOS;Não guardar distância de segurança;Colisão traseira;Sem Vítimas;Amanhecer;Decrescente;Nublado;Múltipla;Reta;Urbano;4;4
1083570;2012-03-29;Quinta;13:10:00;SP;116;165.6;JACAREI;Falta de atenção;Colisão lateral;Sem Vítimas;Pleno dia;Crescente;Ceu Claro;Dupla;Reta;Rural;2;2
1083571;2012-03-30;Sexta;23:15:00;SP;116;218.8;GUARULHOS;Ingestão de álcool;Colisão traseira;Com Vítimas Feridas;Plena noite;Decrescente;Neve;Múltipla;Reta;Urbano;4;4
1083586;2012-03-30;Sexta;12:20:00;SP;116;227.0;GUARULHOS;Não guardar distância de segurança;Colisão lateral;Sem Vítimas;Pleno dia;Decrescente;Nublado;Múltipla;Reta;Urbano;2;2
1083637;2012-04-01;Domingo;06:20:00;SP;116;142.0;SAO JOSE DOS CAMPOS;Outras;Colisão traseira;Sem Vítimas;Amanhecer;Decrescente;Ceu Claro;Dupla;Reta;Urbano;2;2
1083655;2012-04-01;Domingo;13:18:00;SP;116;154.2;SAO JOSE DOS CAMPOS;Falta de atenção;Colisão lateral;Sem Vítimas;Pleno dia;Crescente;Sol;Múltipla;Reta;Urbano;2;2
1083660;2012-04-01;Domingo;03:35:00;SP;116;118.6;TAUBATE;Outras;Colisão lateral;Sem Vítimas;Plena noite;Decrescente;Ceu Claro;Dupla;Reta;Urbano;2;2
1083720;2012-04-01;Domingo;06:16:00;SP;116;106.1;TAUBATE;Dormindo;Colisão com objeto fixo;Sem Vítimas;Amanhecer;Decrescente;Ceu Claro;Dupla;Reta;Urbano;1;1
1084071;2012-03-26;Segunda;20:30:00;SP;116;108.8;TAUBATE;Outras;Colisão com objeto fixo;Sem Vítimas;Plena noite;Decrescente;Ceu Claro;Dupla;Reta;Urbano;1;1
1084104;2012-03-29;Quinta;04:55:00;SP;116;141.1;SAO JOSE DOS CAMPOS;Outras;Colisão com bicicleta;Com Vítimas Feridas;Plena noite;Crescente;Nublado;Dupla;Reta;Urbano;2;2
1084173;2012-04-02;Segunda;11:00:00;SP;116;226.5;GUARULHOS;Não guardar distância de segurança;Colisão traseira;Sem Vítimas;Pleno dia;Decrescente;Ceu Claro;Múltipla;Reta;Urbano;2;2
1084239;2012-03-29;Quinta;11:00:00;SP;116;227.0;GUARULHOS;Não guardar distância de segurança;Colisão traseira;Sem Vítimas;Pleno dia;Crescente;Sol;Múltipla;Reta;Urbano;3;3
1084334;2012-04-02;Segunda;16:30:00;SP;116;204.0;GUARULHOS;Não guardar distância de segurança;Colisão traseira;Sem Vítimas;Pleno dia;Crescente;Sol;Múltipla;Reta;Urbano;2;2
1084355;2012-04-02;Segunda;18:45:00;SP;116;213.0;GUARULHOS;Falta de atenção;Colisão traseira;Com Vítimas Feridas;Plena noite;Decrescente;Ceu Claro;Múltipla;Reta;Urbano;2;2
1084448;2012-04-02;Segunda;23:20:00;SP;116;221.0;GUARULHOS;Falta de atenção;Colisão traseira;Sem Vítimas;Plena noite;Decrescente;Ceu Claro;Múltipla;Reta;Urbano;2;2
1084452;2012-04-02;Segunda;22:30:00;SP;116;229.0;SAO PAULO;Não guardar distância de segurança;Colisão traseira;Sem Vítimas;Plena noite;Crescente;Ceu Claro;Múltipla;Reta;Urbano;2;2
1084732;2012-03-28;Quarta;13:05:00;SP;116;218.6;GUARULHOS;Não guardar distância de segurança;Colisão traseira;Sem Vítimas;Pleno dia;Crescente;Ceu Claro;Múltipla;Reta;Urbano;2;2
1084792;2012-03-28;Quarta;09:40:00;SP;116;226.6;GUARULHOS;Não guardar distância de segurança;Colisão lateral;Sem Vítimas;Pleno dia;Decrescente;Ceu Claro;Múltipla;Reta;Urbano;2;2
1084909;2012-04-02;Segunda;06:00:00;SP;116;175.0;GUARAREMA;Outras;Colisão com objeto fixo;Sem Vítimas;Amanhecer;Decrescente;Ceu Claro;Dupla;Reta;Rural;1;1
1084916;2012-03-29;Quinta;15:00:00;SP;116;134.0;CACAPAVA;Outras;Colisão traseira;Sem Vítimas;Pleno dia;Decrescente;Ceu Claro;Dupla;Reta;Rural;2;2
1084962;2012-04-01;Domingo;04:30:00;SP;116;224.0;GUARULHOS;Falta de atenção;Colisão com objeto fixo;Ignorado;Plena noite;Decrescente;Nublado;Múltipla;Reta;Urbano;1;1
1085038;2012-04-02;Segunda;09:20:00;SP;116;145.0;SAO JOSE DOS CAMPOS;Não guardar distância de segurança;Colisão traseira;Com Vítimas Feridas;Pleno dia;Decrescente;Ceu Claro;Dupla;Reta;Urbano;2;2
1085040;2012-03-14;Quarta;21:30:00;SP;116;226.5;GUARULHOS;Outras;Colisão lateral;Com Vítimas Feridas;Plena noite;Decrescente;Nublado;Simples;Reta;Urbano;2;2
1085045;2012-03-30;Sexta;06:40:00;SP;116;201.0;ARUJA;Falta de atenção;Colisão com objeto móvel;Sem Vítimas;Pleno dia;Decrescente;Nublado;Dupla;Reta;Rural;2;2
1085049;2012-03-31;Sábado;01:40:00;SP;116;220.2;GUARULHOS;Outras;Colisão com objeto fixo;Sem Vítimas;Plena noite;Decrescente;Ceu Claro;Múltipla;Reta;Urbano;1;1
1085137;2012-04-03;Terça;22:00:00;SP;116;226.0;GUARULHOS;Outras;Queda de motocicleta / bicicleta / veículo;Com Vítimas Feridas;Pleno dia;Decrescente;Nublado;Múltipla;Reta;Urbano;1;1
1085148;2012-04-03;Terça;22:30:00;SP;116;228.0;SAO PAULO;Outras;Colisão traseira;Sem Vítimas;Plena noite;Decrescente;Nublado;Múltipla;Reta;Urbano;2;2
1085156;2012-04-03;Terça;14:15:00;SP;116;222.0;GUARULHOS;Não guardar distância de segurança;Colisão lateral;Sem Vítimas;Pleno dia;Decrescente;Nublado;Múltipla;Reta;Urbano;2;2
1085160;2012-03-29;Quinta;08:30:00;SP;116;181.0;SANTA ISABEL;Outras;Colisão lateral;Sem Vítimas;Pleno dia;Decrescente;Sol;Simples;Reta;Rural;2;2
1085240;2012-04-02;Segunda;17:00:00;SP;116;179.0;GUARAREMA;Outras;Colisão com objeto móvel;Sem Vítimas;Pleno dia;Crescente;Nublado;Dupla;Reta;Urbano;1;1
1085252;2012-04-03;Terça;20:25:00;SP;116;226.5;GUARULHOS;Defeito mecânico em veículo;Colisão lateral;Sem Vítimas;Plena noite;Crescente;Ceu Claro;Múltipla;Reta;Urbano;2;2
1085256;2012-04-03;Terça;19:15:00;SP;116;148.0;SAO JOSE DOS CAMPOS;Falta de atenção;Colisão traseira;Com Vítimas Feridas;Plena noite;Decrescente;Chuva;Simples;Reta;Rural;2;2
1085333;2012-04-01;Domingo;05:50:00;SP;116;128.6;CACAPAVA;Dormindo;Capotamento;Com Vítimas Feridas;Amanhecer;Decrescente;Nublado;Dupla;Reta;Urbano;3;2
1085429;2012-03-31;Sábado;01:00:00;SP;116;150.0;SAO JOSE DOS CAMPOS;Dormindo;Colisão com objeto fixo;Com Vítimas Feridas;Plena noite;Crescente;Ceu Claro;Simples;Reta;Urbano;1;1
1085452;2012-04-03;Terça;22:46:00;SP;116;186.0;SANTA ISABEL;Outras;Colisão traseira;Sem Vítimas;Plena noite;Decrescente;Chuva;Simples;Curva;Rural;2;2
1085483;2012-04-03;Terça;13:30:00;SP;116;104.0;TAUBATE;Outras;Capotamento;Com Vítimas Feridas;Pleno dia;Decrescente;Sol;Dupla;Reta;Urbano;1;1
1085528;2012-03-27;Terça;18:25:00;SP;116;145.4;SAO JOSE DOS CAMPOS;Desobediência à sinalização;Colisão lateral;Sem Vítimas;Pleno dia;Crescente;Chuva;Dupla;Reta;Urbano;2;2
1085563;2012-04-04;Quarta;16:25:00;SP;116;165.0;JACAREI;Outras;Colisão lateral;Sem Vítimas;Pleno dia;Decrescente;Sol;Simples;Reta;Rural;2;2
1085710;2012-04-03;Terça;17:45:00;SP;116;168.5;JACAREI;Falta de atenção;Colisão lateral;Sem Vítimas;Anoitecer;Crescente;Nublado;Dupla;Reta;Rural;2;2
1085757;2012-04-04;Quarta;09:00:00;SP;116;225.0;GUARULHOS;Outras;Colisão traseira;Com Vítimas Feridas;Pleno dia;Crescente;Sol;Múltipla;Reta;Urbano;2;2
1085767;2012-04-04;Quarta;15:45:00;SP;116;227.0;SAO PAULO;Outras;Colisão lateral;Sem Vítimas;Pleno dia;Decrescente;Sol;Múltipla;Reta;Urbano;2;2
1085951;2012-04-03;Terça;14:50:00;SP;116;223.0;GUARULHOS;Outras;Colisão traseira;Sem Vítimas;Pleno dia;Decrescente;Sol;Múltipla;Reta;Urbano;2;2
1085985;2012-04-04;Quarta;21:40:00;SP;116;220.0;GUARULHOS;Falta de atenção;Atropelamento de pessoa;Com Vítimas Feridas;Plena noite;Decrescente;Nublado;Múltipla;Reta;Urbano;2;1
1085987;2012-04-04;Quarta;21:30:00;SP;116;107.1;TAUBATE;Outras;Colisão lateral;Sem Vítimas;Plena noite;Decrescente;Nublado;Dupla;Reta;Urbano;2;2
1085992;2012-04-04;Quarta;15:00:00;SP;116;222.0;GUARULHOS;Outras;Colisão traseira;Sem Vítimas;Pleno dia;Crescente;Ceu Claro;Múltipla;Reta;Urbano;3;3
1086147;2012-04-05;Quinta;17:00:00;SP;116;117.3;TAUBATE;Outras;Saída de Pista;Sem Vítimas;Anoitecer;Decrescente;Ceu Claro;Dupla;Reta;Urbano;1;1
1086223;2012-04-05;Quinta;18:00:00;SP;116;142.5;SAO JOSE DOS CAMPOS;Não guardar distância de segurança;Colisão traseira;Sem Vítimas;Anoitecer;Decrescente;Nublado;Dupla;Reta;Urbano;3;3
1086237;2012-03-30;Sexta;17:45:00;SP;116;148.0;SAO JOSE DOS CAMPOS;Não guardar distância de segurança;Colisão traseira;Com Vítimas Feridas;Anoitecer;Decrescente;Chuva;Dupla;Reta;Urbano;2;2
1086259;2012-03-28;Quarta;21:15:00;SP;116;145.8;SAO JOSE DOS CAMPOS;Não guardar distância de segurança;Colisão traseira;Sem Vítimas;Plena noite;Decrescente;Nublado;Dupla;Reta;Urbano;2;2
1086302;2012-04-04;Quarta;11:00:00;SP;116;169.0;JACAREI;Outras;Colisão lateral;Sem Vítimas;Pleno dia;Crescente;Ceu Claro;Dupla;Reta;Rural;2;2
1086377;2012-04-05;Quinta;20:16:00;SP;116;117.8;TAUBATE;Não guardar distância de segurança;Colisão traseira;Com Vítimas Feridas;Plena noite;Decrescente;Nublado;Dupla;Reta;Urbano;3;2
1086631;2012-04-06;Sexta;08:30:00;SP;116;204.0;ARUJA;Não guardar distância de segurança;Colisão traseira;Sem Vítimas;Pleno dia;Decrescente;Sol;Múltipla;Reta;Urbano;2;2
1086638;2012-04-06;Sexta;07:50:00;SP;116;115.7;TAUBATE;Falta de atenção;Colisão traseira;Sem Vítimas;Pleno dia;Decrescente;Sol;Dupla;Reta;Urbano;2;2
1086648;2012-04-04;Quarta;07:00:00;SP;116;204.0;ARUJA;Falta de atenção;Colisão com objeto fixo;Sem Vítimas;Amanhecer;Crescente;Sol;Dupla;Reta;Urbano;1;1
1086656;2012-04-03;Terça;17:20:00;SP;116;146.0;SAO JOSE DOS CAMPOS;Outras;Colisão lateral;Com Vítimas Feridas;Pleno dia;Crescente;Nublado;Dupla;Reta;Urbano;2;2
1086678;2012-04-04;Quarta;19:50:00;SP;116;150.0;SAO JOSE DOS CAMPOS;Falta de atenção;Colisão traseira;Sem Vítimas;Pleno dia;Decrescente;Chuva;Dupla;Reta;Urbano;5;5
1086680;2012-04-01;Domingo;21:45:00;SP;116;138.0;SAO JOSE DOS CAMPOS;Outras;Colisão lateral;Com Vítimas Feridas;Plena noite;Crescente;Ceu Claro;Dupla;Reta;Urbano;4;2
1086687;2012-04-03;Terça;06:30:00;SP;116;103.0;TAUBATE;Defeito mecânico em veículo;Colisão com objeto fixo;Sem Vítimas;Pleno dia;Decrescente;Ceu Claro;Dupla;Reta;Rural;1;1
1086706;2012-04-06;Sexta;08:40:00;SP;116;117.5;TAUBATE;Falta de atenção;Colisão traseira;Sem Vítimas;Amanhecer;Decrescente;Ceu Claro;Dupla;Reta;Urbano;2;2
1086721;2012-04-06;Sexta;08:00:00;SP;116;115.1;TAUBATE;Falta de atenção;Colisão traseira;Sem Vítimas;Pleno dia;Decrescente;Sol;Dupla;Reta;Urbano;2;2
1086739;2012-04-02;Segunda;22:20:00;SP;116;182.0;SANTA ISABEL;Outras;Colisão traseira;Sem Vítimas;Plena noite;Decrescente;Nublado;Múltipla;Reta;Rural;2;2
1086856;2012-04-05;Quinta;12:15:00;SP;116;102.9;PINDAMONHANGABA;Falta de atenção;Colisão lateral;Sem Vítimas;Pleno dia;Decrescente;Ceu Claro;Dupla;Reta;Rural;2;2
1086861;2012-04-05;Quinta;17:40:00;SP;116;160.0;JACAREI;Outras;Queda de motocicleta / bicicleta / veículo;Com Vítimas Feridas;Anoitecer;Decrescente;Nublado;Múltipla;Reta;Urbano;1;1
1086893;2012-04-05;Quinta;14:30:00;SP;116;146.1;SAO JOSE DOS CAMPOS;Outras;Colisão traseira;Com Vítimas Feridas;Pleno dia;Crescente;Sol;Múltipla;Reta;Urbano;2;2
1086904;2012-04-02;Segunda;01:00:00;SP;116;158.5;JACAREI;Outras;Colisão lateral;Sem Vítimas;Plena noite;Decrescente;Ceu Claro;Dupla;Reta;Urbano;2;2
1086986;2012-04-06;Sexta;07:50:00;SP;116;221.0;GUARULHOS;Não guardar distância de segurança;Colisão traseira;Com Vítimas Feridas;Pleno dia;Decrescente;Ceu Claro;Múltipla;Reta;Urbano;2;2
1087043;2012-04-06;Sexta;14:43:00;SP;116;221.0;GUARULHOS;Desobediência à sinalização;Colisão traseira;Sem Vítimas;Pleno dia;Crescente;Chuva;Múltipla;Cruzamento;Urbano;2;2
1087055;2012-04-06;Sexta;21:40:00;SP;116;219.5;GUARULHOS;Falta de atenção;Colisão lateral;Sem Vítimas;Plena noite;Decrescente;Ceu Claro;Múltipla;Cruzamento;Urbano;2;2