id;data_inversa;dia_semana;horario;uf;br;km;municipio;causa_acidente;tipo_acidente;classificacao_acidente;fase_dia;sentido_via;condicao_metereologica;tipo_pista;tracado_via;uso_solo;pessoas;veiculos
1087067;2012-04-07;Sábado;01:30:00;SP;116;148.0;SAO JOSE DOS CAMPOS;Outras;Colisão traseira;Sem Vítimas;Plena noite;Crescente;Nublado;Dupla;Reta;Urbano;2;2
1087070;2012-04-07;Sábado;06:30:00;SP;116;226.5;GUARULHOS;Outras;Colisão com objeto fixo;Com Vítimas Feridas;Amanhecer;Decrescente;Nublado;Múltipla;Reta;Urbano;3;2
1087106;2012-04-03;Terça;19:15:00;SP;116;167.0;JACAREI;Falta de atenção;Colisão com objeto fixo;Sem Vítimas;Plena noite;Decrescente;Nublado;Dupla;Curva;Rural;1;1
1087136;2012-04-03;Terça;19:50:00;SP;116;147.9;SAO JOSE DOS CAMPOS;Falta de atenção;Colisão traseira;Sem Vítimas;Plena noite;Decrescente;Chuva;Simples;Reta;Rural;3;3
1087158;2012-03-29;Quinta;07:00:00;SP;116;221.7;GUARULHOS;Ultrapassagem indevida;Colisão lateral;Sem Vítimas;Pleno dia;Crescente;Ceu Claro;Múltipla;Reta;Urbano;2;2
1087290;2012-03-28;Quarta;07:55:00;SP;116;163.7;JACAREI;Outras;Tombamento;Sem Vítimas;Pleno dia;Decrescente;Ceu Claro;Dupla;Reta;Urbano;1;1
1087303;2012-01-31;Terça;12:50:00;SP;116;160.0;JACAREI;Outras;Colisão lateral;Sem Vítimas;Pleno dia;Decrescente;Ceu Claro;Dupla;Reta;Urbano;2;2
1087337;2012-04-07;Sábado;18:15:00;SP;116;145.0;SAO JOSE DOS CAMPOS;Outras;Colisão com objeto fixo;Com Vítimas Feridas;Anoitecer;Crescente;Ceu Claro;Dupla;Reta;Urbano;1;1
1087342;2012-04-06;Sexta;00:10:00;SP;116;228.0;SAO PAULO;Falta de atenção;Colisão traseira;Sem Vítimas;Plena noite;Decrescente;Ceu Claro;Múltipla;Reta;Urbano;3;2
1087421;2012-04-07;Sábado;16:00:00;SP;116;221.0;GUARULHOS;Falta de atenção;Colisão traseira;Sem Vítimas;Pleno dia;Decrescente;Sol;Simples;Reta;Urbano;2;2
1087423;2012-04-07;Sábado;07:30:00;SP;116;227.0;SAO PAULO;Não guardar distância de segurança;Colisão lateral;Sem Vítimas;Pleno dia;Decrescente;Ceu Claro;Múltipla;Reta;Urbano;2;2
1087436;2012-04-03;Terça;10:10:00;SP;116;227.0;GUARULHOS;Outras;Tombamento;Sem Vítimas;Pleno dia;Decrescente;Ceu Claro;Múltipla;Reta;Urbano;1;1
1087556;2012-04-05;Quinta;02:15:00;SP;116;142.0;SAO JOSE DOS CAMPOS;Ingestão de álcool;Colisão traseira;Com Vítimas Feridas;Plena noite;Crescente;Ceu Claro;Dupla;Reta;Urbano;5;4
1087678;2012-04-05;Quinta;05:30:00;SP;116;216.0;GUARULHOS;Falta de atenção;Colisão traseira;Sem Vítimas;Plena noite;Crescente;Ceu Claro;Múltipla;Reta;Urbano;3;3
1087901;2012-04-08;Domingo;19:20:00;SP;116;219.0;GUARULHOS;Outras;Queda de motocicleta / bicicleta / veículo;Com Vítimas Feridas;Plena noite;Decrescente;Ceu Claro;Múltipla;Reta;Urbano;1;1
1088034;2012-04-08;Domingo;18:30:00;SP;116;102.4;PINDAMONHANGABA;Não guardar distância de segurança;Colisão traseira;Sem Vítimas;Anoitecer;Crescente;Ceu Claro;Dupla;Reta;Rural;4;4
1088283;2012-04-07;Sábado;23:00:00;SP;116;151.5;SAO JOSE DOS CAMPOS;Ingestão de álcool;Colisão traseira;Sem Vítimas;Plena noite;Crescente;Nublado;Dupla;Reta;Urbano;2;2
1088299;2012-04-05;Quinta;16:20:00;SP;116;228.0;SAO PAULO;Outras;Incêndio;Sem Vítimas;Pleno dia;Decrescente;Sol;Simples;Reta;Urbano;1;1
1088303;2012-04-05;Quinta;10:25:00;SP;116;219.8;GUARULHOS;Não guardar distância de segurança;Colisão traseira;Sem Vítimas;Pleno dia;Decrescente;Ceu Claro;Múltipla;Reta;Urbano;2;2
1088333;2012-04-05;Quinta;13:00:00;SP;116;220.8;GUARULHOS;Não guardar distância de segurança;Colisão lateral;Sem Vítimas;Pleno dia;Decrescente;Ceu Claro;Múltipla;Reta;Urbano;2;2
1088429;2012-04-08;Domingo;04:15:00;SP;116;125.3;CACAPAVA;Dormindo;Colisão traseira;Sem Vítimas;Amanhecer;Crescente;Ceu Claro;Dupla;Reta;Urbano;2;2
1088448;2012-04-05;Quinta;17:50:00;SP;116;110.8;TAUBATE;Outras;Queda de motocicleta / bicicleta / veículo;Com Vítimas Feridas;Pleno dia;Decrescente;Sol;Dupla;Reta;Urbano;1;1
1088454;2012-04-06;Sexta;07:30:00;SP;116;112.9;TAUBATE;Outras;Colisão traseira;Sem Vítimas;Pleno dia;Decrescente;Sol;Dupla;Reta;Urbano;2;2
1088470;2012-04-05;Quinta;23:50:00;SP;116;148.0;SAO JOSE DOS CAMPOS;Outras;Capotamento;Com Vítimas Feridas;Plena noite;Decrescente;Ceu Claro;Dupla;Reta;Urbano;1;1
1088580;2012-04-06;Sexta;01:00:00;SP;116;227.0;GUARULHOS;Falta de atenção;Colisão traseira;Sem Vítimas;Plena noite;Crescente;Ceu Claro;Múltipla;Reta;Urbano;3;3
1088597;2012-04-09;Segunda;14:30:00;SP;116;219.0;GUARULHOS;Ultrapassagem indevida;Colisão lateral;Com Vítimas Feridas;Pleno dia;Decrescente;Nublado;Múltipla;Reta;Urbano;2;2
1088607;2012-04-05;Quinta;14:50:00;SP;116;131.0;CACAPAVA;Falta de atenção;Colisão traseira;Com Vítimas Feridas;Pleno dia;Crescente;Sol;Dupla;Reta;Rural;4;3
1088636;2012-04-05;Quinta;15:00:00;SP;116;223.0;GUARULHOS;Falta de atenção;Colisão traseira;Sem Vítimas;Pleno dia;Decrescente;Ceu Claro;Múltipla;Reta;Urbano;2;2
1088662;2012-04-05;Quinta;14:20:00;SP;116;229.0;SAO PAULO;Não guardar distância de segurança;Colisão lateral;Com Vítimas Feridas;Pleno dia;Decrescente;Ceu Claro;Múltipla;Reta;Urbano;2;2
1088702;2012-04-06;Sexta;05:40:00;SP;116;227.0;GUARULHOS;Dormindo;Colisão com objeto fixo;Com Vítimas Feridas;Amanhecer;Decrescente;Ceu Claro;Múltipla;Reta;Urbano;1;1
1088770;2012-04-09;Segunda;11:15:00;SP;116;227.9;GUARULHOS;Falta de atenção;Colisão traseira;Sem Vítimas;Pleno dia;Decrescente;Ceu Claro;Múltipla;Reta;Urbano;3;2
1088854;2012-04-09;Segunda;19:50:00;SP;116;131.0;CACAPAVA;Outras;Queda de motocicleta / bicicleta / veículo;Com Vítimas Feridas;Plena noite;Decrescente;Ceu Claro;Dupla;Reta;Urbano;2;2
1088885;2012-04-08;Domingo;00:20:00;SP;116;157.8;SAO JOSE DOS CAMPOS;Ingestão de álcool;Colisão traseira;Com Vítimas Feridas;Plena noite;Crescente;Ceu Claro;Dupla;Reta;Urbano;3;3
1088894;2012-04-09;Segunda;11:45:00;SP;116;165.0;JACAREI;Outras;Colisão traseira;Sem Vítimas;Pleno dia;Decrescente;Ceu Claro;Simples;Reta;Rural;2;2
1088925;2012-04-08;Domingo;18:55:00;SP;116;104.2;TAUBATE;Não guardar distância de segurança;Colisão traseira;Sem Vítimas;Anoitecer;Crescente;Ceu Claro;Dupla;Reta;Urbano;5;5
1088930;2012-03-30;Sexta;23:15:00;SP;116;146.0;SAO JOSE DOS CAMPOS;Outras;Colisão traseira;Com Vítimas Feridas;Plena noite;Decrescente;Nublado;Dupla;Reta;Urbano;2;2
1088964;2012-04-05;Quinta;14:45:00;SP;116;131.3;CACAPAVA;Outras;Saída de Pista;Com Vítimas Feridas;Pleno dia;Decrescente;Sol;Dupla;Reta;Rural;1;1
1088994;2012-04-10;Terça;08:50:00;SP;116;162.1;JACAREI;Não guardar distância de segurança;Colisão traseira;Sem Vítimas;Pleno dia;Crescente;Ceu Claro;Dupla;Reta;Urbano;2;2
1088995;2012-04-03;Terça;14:20:00;SP;116;228.0;SAO PAULO;Outras;Colisão lateral;Sem Vítimas;Pleno dia;Decrescente;Ceu Claro;Múltipla;Reta;Urbano;2;2
1089000;2012-04-05;Quinta;15:30:00;SP;116;132.3;CACAPAVA;Não guardar distância de segurança;Colisão traseira;Sem Vítimas;Pleno dia;Decrescente;Sol;Dupla;Reta;Urbano;3;3
1089028;2012-04-10;Terça;07:46:00;SP;116;184.7;SANTA ISABEL;Outras;Colisão lateral;Sem Vítimas;Pleno dia;Decrescente;Sol;Dupla;Reta;Rural;2;2
1089101;2012-04-10;Terça;09:00:00;SP;116;210.8;GUARULHOS;Não guardar distância de segurança;Colisão traseira;Sem Vítimas;Pleno dia;Decrescente;Sol;Múltipla;Reta;Urbano;5;5
1089151;2012-04-05;Quinta;15:40:00;SP;116;134.0;SAO JOSE DOS CAMPOS;Não guardar distância de segurança;Colisão traseira;Sem Vítimas;Pleno dia;Decrescente;Sol;Dupla;Reta;Urbano;5;5
1089192;2012-04-05;Quinta;16:45:00;SP;116;138.3;SAO JOSE DOS CAMPOS;Outras;Danos Eventuais;Sem Vítimas;Pleno dia;Decrescente;Sol;Dupla;Reta;Urbano;1;1
1089208;2012-03-26;Segunda;23:20:00;SP;116;219.0;GUARULHOS;Não guardar distância de segurança;Colisão traseira;Sem Vítimas;Plena noite;Crescente;Nublado;Simples;Reta;Urbano;2;2
1089239;2012-04-08;Domingo;15:50:00;SP;116;200.6;GUARULHOS;Outras;Colisão traseira;Sem Vítimas;Pleno dia;Crescente;Ceu Claro;Dupla;Reta;Urbano;3;3
1089363;2012-04-09;Segunda;08:50:00;SP;116;139.0;SAO JOSE DOS CAMPOS;Outras;Colisão traseira;Sem Vítimas;Pleno dia;Crescente;Ceu Claro;Dupla;Reta;Urbano;2;2
1089364;2012-03-30;Sexta;18:00:00;SP;116;139.5;SAO JOSE DOS CAMPOS;Outras;Colisão traseira;Sem Vítimas;Plena noite;Crescente;Ceu Claro;Dupla;Reta;Urbano;3;3
1089422;2012-04-10;Terça;09:10:00;SP;116;202.0;ARUJA;Não guardar distância de segurança;Colisão traseira;Sem Vítimas;Pleno dia;Decrescente;Ceu Claro;Dupla;Reta;Urbano;3;3
1089443;2012-03-22;Quinta;21:30:00;SP;116;223.0;GUARULHOS;Outras;Colisão lateral;Sem Vítimas;Pleno dia;Decrescente;Nublado;Múltipla;Reta;Urbano;2;2
1089451;2012-04-11;Quarta;06:00:00;SP;116;221.0;GUARULHOS;Outras;Colisão traseira;Com Vítimas Feridas;Plena noite;Decrescente;Nublado;Múltipla;Reta;Urbano;2;2
1089456;2012-04-10;Terça;13:00:00;SP;116;219.0;GUARULHOS;Falta de atenção;Colisão lateral;Sem Vítimas;Pleno dia;Decrescente;Ceu Claro;Múltipla;Reta;Urbano;2;2
1089526;2012-04-08;Domingo;17:50:00;SP;116;106.3;TAUBATE;Não guardar distância de segurança;Colisão traseira;Com Vítimas Feridas;Anoitecer;Crescente;Ceu Claro;Dupla;Reta;Urbano;5;3
1089561;2012-04-08;Domingo;00:15:00;SP;116;157.8;SAO JOSE DOS CAMPOS;Ingestão de álcool;Colisão com objeto fixo;Com Vítimas Feridas;Plena noite;Crescente;Nublado;Múltipla;Reta;Urbano;2;1
1089601;2012-04-07;Sábado;23:30:00;SP;116;157.0;SAO JOSE DOS CAMPOS;Ingestão de álcool;Colisão traseira;Sem Vítimas;Plena noite;Decrescente;Ceu Claro;Dupla;Reta;Urbano;2;2
1089648;2012-04-11;Quarta;14:45:00;SP;116;150.0;SAO JOSE DOS CAMPOS;Outras;Colisão lateral;Sem Vítimas;Pleno dia;Crescente;Ceu Claro;Dupla;Reta;Urbano;2;2
1089676;2012-04-11;Quarta;08:15:00;SP;116;146.3;SAO JOSE DOS CAMPOS;Outras;Colisão traseira;Com Vítimas Feridas;Pleno dia;Crescente;Ceu Claro;Múltipla;Reta;Urbano;3;2
1089689;2012-04-11;Quarta;14:50:00;SP;116;219.0;GUARULHOS;Falta de atenção;Colisão lateral;Sem Vítimas;Pleno dia;Crescente;Ceu Claro;Múltipla;Curva;Urbano;2;2
1089725;2012-04-03;Terça;18:50:00;SP;116;218.0;GUARULHOS;Não guardar distância de segurança;Colisão traseira;Sem Vítimas;Anoitecer;Crescente;Nublado;Simples;Reta;Urbano;2;2
1089746;2012-04-04;Quarta;06:50:00;SP;116;220.0;GUARULHOS;Outras;Colisão traseira;Sem Vítimas;Amanhecer;Decrescente;Nublado;Simples;Reta;Urbano;2;2
1089815;2012-04-10;Terça;18:30:00;SP;116;147.0;SAO JOSE DOS CAMPOS;Outras;Colisão traseira;Sem Vítimas;Plena noite;Crescente;Ceu Claro;Múltipla;Reta;Urbano;3;3
1089870;2012-04-10;Terça;12:00:00;SP;116;165.0;JACAREI;Outras;Colisão traseira;Sem Vítimas;Pleno dia;Decrescente;Ceu Claro;Múltipla;Reta;Rural;2;2
1089898;2012-04-11;Quarta;22:00:00;SP;116;219.0;GUARULHOS;Outras;Colisão traseira;Sem Vítimas;Anoitecer;Decrescente;Nublado;Dupla;Reta;Urbano;2;2
1089911;2012-04-04;Quarta;10:15:00;SP;116;216.0;GUARULHOS;Outras;Colisão traseira;Sem Vítimas;Pleno dia;Crescente;Ceu Claro;Múltipla;Reta;Urbano;3;3
1089925;2012-04-10;Terça;19:00:00;SP;116;160.0;JACAREI;Falta de atenção;Colisão traseira;Sem Vítimas;Plena noite;Decrescente;Ceu Claro;Dupla;Reta;Urbano;2;2
1089937;2012-04-11;Quarta;18:30:00;SP;116;215.0;GUARULHOS;Não guardar distância de segurança;Colisão Transversal;Sem Vítimas;Anoitecer;Decrescente;Chuva;Múltipla;Reta;Urbano;2;2
1089976;2012-04-11;Quarta;17:30:00;SP;116;201.0;ARUJA;Outras;Atropelamento de pessoa;Com Vítimas Feridas;Anoitecer;Decrescente;Chuva;Múltipla;Reta;Rural;2;1
1089979;2012-04-11;Quarta;23:30:00;SP;116;150.9;SAO JOSE DOS CAMPOS;Outras;Queda de motocicleta / bicicleta / veículo;Com Vítimas Feridas;Plena noite;Decrescente;Ceu Claro;Dupla;Reta;Urbano;1;1
1090025;2012-03-23;Sexta;07:20:00;SP;116;226.0;GUARULHOS;Outras;Colisão lateral;Com Vítimas Feridas;Pleno dia;Crescente;Sol;Múltipla;Reta;Urbano;2;2
1090026;2012-03-23;Sexta;07:20:00;SP;116;226.0;GUARULHOS;Outras;Colisão lateral;Com Vítimas Feridas;Pleno dia;Crescente;Sol;Múltipla;Reta;Urbano;2;2
1090299;2012-04-09;Segunda;07:10:00;SP;116;170.0;JACAREI;Dormindo;Capotamento;Sem Vítimas;Pleno dia;Decrescente;Ceu Claro;Dupla;Reta;Urbano;1;1
1090426;2012-04-11;Quarta;19:20:00;SP;116;142.2;SAO JOSE DOS CAMPOS;Outras;Atropelamento de pessoa;Com Vítimas Feridas;Plena noite;Decrescente;Ceu Claro;Dupla;Reta;Urbano;3;1
1090445;2012-04-09;Segunda;00:10:00;SP;116;224.0;GUARULHOS;Outras;Colisão traseira;Com Vítimas Feridas;Plena noite;Crescente;Ceu Claro;Múltipla;Reta;Urbano;3;3
1090683;2012-04-12;Quinta;13:27:00;SP;116;182.5;SANTA ISABEL;Defeito mecânico em veículo;Colisão traseira;Sem Vítimas;Pleno dia;Decrescente;Ceu Claro;Simples;Reta;Rural;2;2
1090693;2012-04-09;Segunda;13:45:00;SP;116;216.0;GUARULHOS;Não guardar distância de segurança;Colisão lateral;Sem Vítimas;Pleno dia;Decrescente;Sol;Múltipla;Reta;Urbano;2;2
1090716;2012-04-09;Segunda;08:00:00;SP;116;147.5;SAO JOSE DOS CAMPOS;Outras;Colisão traseira;Sem Vítimas;Pleno dia;Crescente;Ceu Claro;Dupla;Reta;Urbano;4;4
1090753;2012-04-11;Quarta;05:00:00;SP;116;228.7;SAO PAULO;Outras;Incêndio;Sem Vítimas;Amanhecer;Crescente;Ceu Claro;Múltipla;Reta;Urbano;1;1
1090758;2012-04-12;Quinta;16:45:00;SP;116;191.0;SANTA ISABEL;Velocidade incompatível;Tombamento;Sem Vítimas;Pleno dia;Crescente;Chuva;Dupla;Reta;Urbano;1;1
1090765;2012-04-12;Quinta;18:15:00;SP;116;122.0;CACAPAVA;Defeito mecânico em veículo;Queda de motocicleta / bicicleta / veículo;Sem Vítimas;Anoitecer;Decrescente;Ceu Claro;Dupla;Reta;Urbano;1;1
1090823;2012-04-08;Domingo;12:15:00;SP;116;160.0;JACAREI;Outras;Colisão com bicicleta;Com Vítimas Fatais;Pleno dia;Crescente;Ceu Claro;Dupla;Reta;Rural;2;2
1090828;2012-04-10;Terça;06:40:00;SP;116;204.0;ARUJA;Falta de atenção;Colisão traseira;Sem Vítimas;Amanhecer;Crescente;Sol;Dupla;Reta;Urbano;2;2
1090844;2012-04-09;Segunda;10:00:00;SP;116;227.8;GUARULHOS;Não guardar distância de segurança;Colisão lateral;Sem Vítimas;Pleno dia;Decrescente;Nublado;Múltipla;Reta;Urbano;2;2
1090909;2012-04-13;Sexta;13:30:00;SP;116;192.8;SANTA ISABEL;Outras;Colisão com objeto fixo;Com Vítimas Feridas;Pleno dia;Crescente;Ceu Claro;Dupla;Reta;Rural;2;2
1090918;2012-04-13;Sexta;07:45:00;SP;116;130.8;CACAPAVA;Ingestão de álcool;Colisão com objeto fixo;Sem Vítimas;Pleno dia;Crescente;Ceu Claro;Dupla;Reta;Urbano;2;2
1090919;2012-04-06;Sexta;23:15:00;SP;116;133.3;CACAPAVA;Falta de atenção;Colisão traseira;Sem Vítimas;Plena noite;Decrescente;Ceu Claro;Dupla;Reta;Urbano;2;2
1090984;2012-04-09;Segunda;00:50:00;SP;116;117.0;TAUBATE;Falta de atenção;Colisão traseira;Sem Vítimas;Plena noite;Crescente;Ceu Claro;Simples;Reta;Urbano;2;2
1090986;2012-04-13;Sexta;17:05:00;SP;116;227.0;GUARULHOS;Não guardar distância de segurança;Colisão lateral;Com Vítimas Feridas;Pleno dia;Decrescente;Ceu Claro;Múltipla;Reta;Urbano;2;2
1091018;2012-04-12;Quinta;18:45:00;SP;116;138.0;SAO JOSE DOS CAMPOS;Falta de atenção;Colisão traseira;Sem Vítimas;Anoitecer;Crescente;Ceu Claro;Simples;Reta;Rural;4;4
1091019;2012-04-12;Quinta;17:50:00;SP;116;116.0;TAUBATE;Não guardar distância de segurança;Colisão traseira;Sem Vítimas;Anoitecer;Decrescente;Ceu Claro;Dupla;Reta;Urbano;2;2
1091113;2012-04-10;Terça;08:10:00;SP;116;141.0;SAO JOSE DOS CAMPOS;Não guardar distância de segurança;Colisão traseira;Sem Vítimas;Pleno dia;Decrescente;Nublado;Dupla;Reta;Urbano;3;3
1091279;2012-04-04;Quarta;15:55:00;SP;116;145.0;SAO JOSE DOS CAMPOS;Não guardar distância de segurança;Colisão traseira;Sem Vítimas;Pleno dia;Crescente;Chuva;Dupla;Reta;Urbano;2;2
1091374;2012-04-11;Quarta;03:35:00;SP;116;108.6;TAUBATE;Outras;Colisão traseira;Com Vítimas Feridas;Amanhecer;Crescente;Ceu Claro;Dupla;Reta;Urbano;4;2
1091442;2012-04-11;Quarta;06:30:00;SP;116;193.2;SAO JOSE DOS CAMPOS;Outras;Atropelamento de pessoa;Com Vítimas Feridas;Pleno dia;Crescente;Ceu Claro;Dupla;Reta;Rural;2;1
1091448;2012-04-06;Sexta;07:45:00;SP;116;113.8;TAUBATE;Falta de atenção;Colisão traseira;Sem Vítimas;Pleno dia;Decrescente;Ceu Claro;Dupla;Reta;Urbano;2;2
1091461;2012-04-12;Quinta;02:10:00;SP;116;99.0;PINDAMONHANGABA;Outras;Tombamento;Sem Vítimas;Plena noite;Decrescente;Ceu Claro;Simples;Curva;Urbano;1;1
1091462;2012-04-14;Sábado;07:30:00;SP;116;205.8;GUARULHOS;Falta de atenção;Colisão traseira;Sem Vítimas;Pleno dia;Crescente;Nublado;Dupla;Reta;Urbano;2;2
1091525;2012-04-11;Quarta;13:05:00;SP;116;204.3;ARUJA;Falta de atenção;Colisão com objeto fixo;Sem Vítimas;Pleno dia;Crescente;Ceu Claro;Múltipla;Reta;Urbano;1;1
1091559;2012-04-11;Quarta;20:30:00;SP;116;227.9;SAO PAULO;Falta de atenção;Colisão traseira;Sem Vítimas;Plena noite;Decrescente;Chuva;Múltipla;Reta;Urbano;5;5
1091585;2012-04-11;Quarta;21:00:00;SP;116;135.5;SAO JOSE DOS CAMPOS;Não guardar distância de segurança;Colisão traseira;Sem Vítimas;Anoitecer;Crescente;Ceu Claro;Dupla;Reta;Urbano;2;2
1091648;2012-04-09;Segunda;18:45:00;SP;116;124.7;CACAPAVA;Falta de atenção;Colisão traseira;Com Vítimas Feridas;Plena noite;Decrescente;Nublado;Dupla;Reta;Urbano;2;2
1091672;2012-04-11;Quarta;03:30:00;SP;116;139.0;SAO JOSE DOS CAMPOS;Outras;Colisão com objeto fixo;Sem Vítimas;Plena noite;Decrescente;Nublado;Dupla;Reta;Urbano;1;1
1091727;2012-04-15;Domingo;04:30:00;SP;116;220.0;GUARULHOS;Outras;Queda de motocicleta / bicicleta / veículo;Com Vítimas Feridas;Amanhecer;Decrescente;Ceu Claro;Múltipla;Reta;Urbano;2;1
1091730;2012-04-15;Domingo;03:50:00;SP;116;128.0;CACAPAVA;Ingestão de álcool;Colisão com objeto fixo;Sem Vítimas;Plena noite;Crescente;Ceu Claro;Dupla;Curva;Urbano;1;1
1091740;2012-04-14;Sábado;18:30:00;SP;116;113.2;TAUBATE;Falta de atenção;Colisão traseira;Com Vítimas Feridas;Plena noite;Decrescente;Nublado;Dupla;Reta;Urbano;2;2
1091947;2012-04-15;Domingo;14:00:00;SP;116;224.0;GUARULHOS;Outras;Atropelamento de pessoa;Com Vítimas Feridas;Pleno dia;Decrescente;Nublado;Dupla;Reta;Urbano;2;1
1091950;2012-04-15;Domingo;13:20:00;SP;116;135.3;SAO JOSE DOS CAMPOS;Defeito mecânico em veículo;Queda de motocicleta / bicicleta / veículo;Com Vítimas Feridas;Pleno dia;Crescente;Sol;Dupla;Reta;Urbano;2;1
1091959;2012-04-14;Sábado;17:45:00;SP;116;216.0;GUARULHOS;Falta de atenção;Atropelamento de pessoa;Com Vítimas Feridas;Anoitecer;Decrescente;Nublado;Múltipla;Reta;Urbano;2;1
1091988;2012-04-12;Quinta;07:00:00;SP;116;216.0;GUARULHOS;Não guardar distância de segurança;Colisão traseira;Com Vítimas Feridas;Pleno dia;Crescente;Nublado;Simples;Reta;Urbano;2;2
1091995;2012-04-15;Domingo;17:30:00;SP;116;157.2;SAO JOSE DOS CAMPOS;Outras;Colisão traseira;Sem Vítimas;Anoitecer;Decrescente;Chuva;Dupla;Reta;Urbano;2;2
1092014;2012-04-15;Domingo;18:30:00;SP;116;214.0;GUARULHOS;Não guardar distância de segurança;Colisão lateral;Sem Vítimas;Plena noite;Decrescente;Chuva;Múltipla;Reta;Urbano;2;2
1092053;2012-04-12;Quinta;06:30:00;SP;116;220.0;GUARULHOS;Não guardar distância de segurança;Queda de motocicleta / bicicleta / veículo;Com Vítimas Feridas;Pleno dia;Crescente;Sol;Múltipla;Reta;Urbano;2;1
1092060;2012-04-14;Sábado;16:40:00;SP;116;114.9;TAUBATE;Outras;Colisão lateral;Com Vítimas Feridas;Pleno dia;Crescente;Sol;Dupla;Reta;Rural;2;2
1092061;2012-04-11;Quarta;16:16:00;SP;116;218.0;GUARULHOS;Outras;Queda de motocicleta / bicicleta / veículo;Com Vítimas Feridas;Pleno dia;Crescente;Sol;Dupla;Reta;Urbano;1;1
1092076;2012-04-12;Quinta;07:00:00;SP;116;211.0;GUARULHOS;Não guardar distância de segurança;Colisão traseira;Sem Vítimas;Amanhecer;Crescente;Sol;Múltipla;Reta;Urbano;4;4
1092100;2012-04-11;Quarta;06:30:00;SP;116;157.4;SAO JOSE DOS CAMPOS;Outras;Colisão com bicicleta;Com Vítimas Feridas;Pleno dia;Decrescente;Ceu Claro;Dupla;Reta;Urbano;2;2
1092132;2012-04-15;Domingo;17:30:00;SP;116;217.0;GUARULHOS;Outras;Queda de motocicleta / bicicleta / veículo;Com Vítimas Feridas;Anoitecer;Decrescente;Chuva;Múltipla;Reta;Urbano;1;1
1092141;2012-04-15;Domingo;12:10:00;SP;116;215.0;GUARULHOS;Outras;Colisão com objeto fixo;Sem Vítimas;Pleno dia;Crescente;Sol;Múltipla;Reta;Urbano;1;1
1092274;2012-04-12;Quinta;23:15:00;SP;116;141.7;SAO JOSE DOS CAMPOS;Outras;Colisão traseira;Com Vítimas Fatais;Plena noite;Decrescente;Ceu Claro;Dupla;Reta;Urbano;4;2
1092275;2012-04-13;Sexta;06:10:00;SP;116;222.0;GUARULHOS;Outras;Colisão traseira;Sem Vítimas;Pleno dia;Decrescente;Ceu Claro;Múltipla;Reta;Urbano;2;2
1092342;2012-04-13;Sexta;19:30:00;SP;116;117.0;TAUBATE;Falta de atenção;Colisão lateral;Com Vítimas Feridas;Plena noite;Crescente;Ceu Claro;Dupla;Reta;Urbano;2;2
1092347;2012-04-12;Quinta;20:00:00;SP;116;216.6;GUARULHOS;Outras;Atropelamento de pessoa;Com Vítimas Fatais;Plena noite;Crescente;Ceu Claro;Múltipla;Reta;Urbano;2;1
1092392;2012-04-11;Quarta;18:20:00;SP;116;147.0;SAO JOSE DOS CAMPOS;Outras;Colisão traseira;Com Vítimas Feridas;Plena noite;Decrescente;Ceu Claro;Múltipla;Reta;Urbano;2;2
1092431;2012-04-16;Segunda;11:20:00;SP;116;162.8;JACAREI;Outras;Colisão lateral;Com Vítimas Feridas;Pleno dia;Crescente;Nublado;Dupla;Reta;Urbano;2;2
1092441;2012-04-13;Sexta;16:35:00;SP;116;179.0;GUARAREMA;Defeito na via;Tombamento;Com Vítimas Feridas;Pleno dia;Crescente;Ceu Claro;Simples;Curva;Rural;1;1
1092487;2012-04-05;Quinta;09:15:00;SP;116;214.0;GUARULHOS;Falta de atenção;Colisão com bicicleta;Com Vítimas Feridas;Pleno dia;Crescente;Ceu Claro;Múltipla;Reta;Urbano;2;2
1092500;2012-04-15;Domingo;00:30:00;SP;116;147.0;SAO JOSE DOS CAMPOS;Outras;Colisão com objeto fixo;Sem Vítimas;Plena noite;Crescente;Nublado;Dupla;Reta;Urbano;1;1
1092602;2012-04-16;Segunda;12:55:00;SP;116;197.5;ARUJA;Falta de atenção;Colisão traseira;Sem Vítimas;Pleno dia;Crescente;Ceu Claro;Dupla;Reta;Rural;2;2
1092684;2012-04-15;Domingo;17:00:00;SP;116;190.0;SANTA ISABEL;Outras;Tombamento;Com Vítimas Feridas;Pleno dia;Decrescente;Chuva;Dupla;Reta;Rural;2;1
1092699;2012-04-05;Quinta;20:20:00;SP;116;206.7;GUARULHOS;Outras;Colisão lateral;Sem Vítimas;Plena noite;Crescente;Ceu Claro;Múltipla;Reta;Urbano;3;3
1092710;2012-04-15;Domingo;15:00:00;SP;116;191.0;SANTA ISABEL;Outras;Colisão com objeto fixo;Sem Vítimas;Pleno dia;Crescente;Chuva;Dupla;Reta;Rural;1;1