id;data_inversa;dia_semana;horario;uf;br;km;municipio;causa_acidente;tipo_acidente;classificacao_acidente;fase_dia;sentido_via;condicao_metereologica;tipo_pista;tracado_via;uso_solo;pessoas;veiculos
1133274;2012-06-28;Quinta;06:20:00;SP;116;108.8;TAUBATE;Velocidade incompatível;Colisão com objeto fixo;Sem Vítimas;Amanhecer;Decrescente;Ceu Claro;Dupla;Reta;Urbano;1;1
1133304;2012-07-02;Segunda;14:45:00;SP;116;204.6;ARUJA;Outras;Colisão traseira;Sem Vítimas;Pleno dia;Crescente;Ceu Claro;Dupla;Reta;Urbano;2;2
1133330;2012-07-01;Domingo;06:15:00;SP;116;214.0;GUARULHOS;Outras;Queda de motocicleta / bicicleta / veículo;Com Vítimas Feridas;Pleno dia;Crescente;Nublado;Simples;Reta;Urbano;1;1
1133387;2012-06-27;Quarta;11:15:00;SP;116;221.0;GUARULHOS;Outras;Colisão lateral;Sem Vítimas;Pleno dia;Crescente;Ceu Claro;Múltipla;Reta;Urbano;2;2
1133404;2012-06-19;Terça;19:20:00;SP;116;219.0;GUARULHOS;Outras;Colisão lateral;Sem Vítimas;Pleno dia;Crescente;Ceu Claro;Múltipla;Reta;Urbano;2;2
1133422;2012-07-03;Terça;22:20:00;SP;116;216.0;GUARULHOS;Outras;Queda de motocicleta / bicicleta / veículo;Com Vítimas Feridas;Plena noite;Crescente;Ceu Claro;Múltipla;Reta;Urbano;1;1
1133427;2012-06-01;Sexta;17:00:00;SP;116;219.0;GUARULHOS;Falta de atenção;Colisão traseira;Sem Vítimas;Plena noite;Decrescente;Chuva;Múltipla;Reta;Urbano;3;3
1133447;2012-07-03;Terça;13:20:00;SP;116;218.0;GUARULHOS;Não guardar distância de segurança;Colisão traseira;Sem Vítimas;Pleno dia;Decrescente;Ceu Claro;Múltipla;Reta;Urbano;2;2
1133456;2012-07-02;Segunda;17:45:00;SP;116;161.0;JACAREI;Outras;Colisão traseira;Sem Vítimas;Anoitecer;Crescente;Ceu Claro;Dupla;Reta;Urbano;2;2
1133458;2012-06-25;Segunda;17:40:00;SP;116;218.0;GUARULHOS;Falta de atenção;Atropelamento de pessoa;Com Vítimas Feridas;Pleno dia;Decrescente;Sol;Múltipla;Reta;Urbano;2;1
1133470;2012-07-03;Terça;21:23:00;SP;116;107.1;TAUBATE;Outras;Capotamento;Com Vítimas Feridas;Plena noite;Crescente;Ignorada;Dupla;Reta;Urbano;2;1
1133506;2012-06-29;Sexta;15:20:00;SP;116;221.0;GUARULHOS;Falta de atenção;Colisão lateral;Sem Vítimas;Pleno dia;Decrescente;Ceu Claro;Múltipla;Reta;Urbano;2;2
1133570;2012-06-29;Sexta;17:00:00;SP;116;102.7;PINDAMONHANGABA;Não guardar distância de segurança;Colisão traseira;Sem Vítimas;Pleno dia;Crescente;Ceu Claro;Dupla;Reta;Rural;2;2
1133572;2012-06-29;Sexta;16:30:00;SP;116;106.6;TAUBATE;Outras;Queda de motocicleta / bicicleta / veículo;Sem Vítimas;Pleno dia;Crescente;Ceu Claro;Dupla;Reta;Urbano;2;2
1133656;2012-06-26;Terça;07:40:00;SP;116;128.4;CACAPAVA;Falta de atenção;Colisão frontal;Sem Vítimas;Pleno dia;Crescente;Sol;Dupla;Reta;Urbano;2;2
1133709;2012-07-04;Quarta;07:30:00;SP;116;218.0;GUARULHOS;Outras;Queda de motocicleta / bicicleta / veículo;Com Vítimas Feridas;Amanhecer;Decrescente;Ceu Claro;Múltipla;Reta;Urbano;1;1
1133718;2012-06-28;Quinta;07:35:00;SP;116;182.0;SANTA ISABEL;Defeito mecânico em veículo;Colisão com objeto móvel;Sem Vítimas;Pleno dia;Decrescente;Ceu Claro;Dupla;Reta;Rural;1;1
1133732;2012-07-04;Quarta;10:30:00;SP;116;120.0;CACAPAVA;Outras;Danos Eventuais;Sem Vítimas;Pleno dia;Decrescente;Sol;Dupla;Reta;Rural;2;2
1133760;2012-06-26;Terça;07:15:00;SP;116;131.2;CACAPAVA;Falta de atenção;Colisão traseira;Sem Vítimas;Pleno dia;Crescente;Sol;Dupla;Reta;Urbano;2;2
1133831;2012-07-01;Domingo;21:15:00;SP;116;208.0;GUARULHOS;Falta de atenção;Colisão traseira;Sem Vítimas;Plena noite;Crescente;Ceu Claro;Múltipla;Reta;Urbano;2;2
1133850;2012-06-30;Sábado;07:10:00;SP;116;116.8;TAUBATE;Outras;Colisão traseira;Com Vítimas Feridas;Pleno dia;Decrescente;Ceu Claro;Dupla;Reta;Urbano;2;2
1133858;2012-07-03;Terça;09:40:00;SP;116;192.0;SANTA ISABEL;Falta de atenção;Saída de Pista;Com Vítimas Feridas;Pleno dia;Decrescente;Ceu Claro;Dupla;Curva;Urbano;2;1
1133865;2012-07-04;Quarta;16:20:00;SP;116;213.0;GUARULHOS;Falta de atenção;Colisão lateral;Sem Vítimas;Pleno dia;Crescente;Ceu Claro;Múltipla;Reta;Urbano;2;2
1133896;2012-07-03;Terça;14:21:00;SP;116;111.8;TAUBATE;Outras;Colisão lateral;Sem Vítimas;Pleno dia;Decrescente;Ceu Claro;Dupla;Reta;Urbano;2;2
1133912;2012-07-04;Quarta;21:30:00;SP;116;154.2;SAO JOSE DOS CAMPOS;Falta de atenção;Saída de Pista;Sem Vítimas;Plena noite;Crescente;Ceu Claro;Múltipla;Reta;Urbano;1;1
1133937;2012-06-30;Sábado;20:30:00;SP;116;210.0;GUARULHOS;Outras;Queda de motocicleta / bicicleta / veículo;Com Vítimas Feridas;Plena noite;Decrescente;Nublado;Dupla;Reta;Urbano;3;2
1133963;2012-07-04;Quarta;09:30:00;SP;116;145.6;SAO JOSE DOS CAMPOS;Não guardar distância de segurança;Colisão traseira;Sem Vítimas;Pleno dia;Decrescente;Sol;Múltipla;Reta;Urbano;4;4
1133964;2012-07-05;Quinta;00:15:00;SP;116;213.0;GUARULHOS;Ingestão de álcool;Colisão traseira;Com Vítimas Feridas;Plena noite;Decrescente;Ceu Claro;Múltipla;Reta;Urbano;3;2
1133986;2012-07-05;Quinta;05:35:00;SP;116;198.0;ARUJA;Falta de atenção;Colisão lateral;Sem Vítimas;Plena noite;Crescente;Ceu Claro;Múltipla;Reta;Rural;2;2
1134063;2012-07-01;Domingo;07:25:00;SP;116;127.0;CACAPAVA;Outras;Capotamento;Sem Vítimas;Pleno dia;Decrescente;Sol;Dupla;Reta;Rural;1;1
1134112;2012-07-03;Terça;14:20:00;SP;116;111.7;TAUBATE;Outras;Colisão traseira;Sem Vítimas;Pleno dia;Decrescente;Sol;Dupla;Reta;Urbano;2;2
1134136;2012-07-05;Quinta;05:55:00;SP;116;193.3;SANTA ISABEL;Falta de atenção;Colisão traseira;Com Vítimas Feridas;Amanhecer;Crescente;Ceu Claro;Simples;Reta;Rural;2;2
1134141;2012-06-29;Sexta;17:30:00;SP;116;119.0;TAUBATE;Não guardar distância de segurança;Colisão traseira;Sem Vítimas;Anoitecer;Decrescente;Ceu Claro;Dupla;Reta;Urbano;3;3
1134193;2012-07-05;Quinta;08:00:00;SP;116;140.0;SAO JOSE DOS CAMPOS;Outras;Colisão lateral;Com Vítimas Feridas;Pleno dia;Crescente;Ceu Claro;Dupla;Reta;Urbano;4;4
1134304;2012-07-04;Quarta;18:20:00;SP;116;148.0;SAO JOSE DOS CAMPOS;Falta de atenção;Colisão traseira;Sem Vítimas;Plena noite;Decrescente;Ceu Claro;Dupla;Reta;Urbano;2;2
1134355;2012-07-04;Quarta;15:00:00;SP;116;131.1;CACAPAVA;Defeito mecânico em veículo;Tombamento;Sem Vítimas;Pleno dia;Decrescente;Sol;Dupla;Reta;Rural;1;1
1134362;2012-07-05;Quinta;17:00:00;SP;116;221.4;GUARULHOS;Outras;Capotamento;Com Vítimas Feridas;Pleno dia;Crescente;Nublado;Múltipla;Reta;Urbano;1;1
1134483;2012-07-06;Sexta;07:15:00;SP;116;167.1;JACAREI;Falta de atenção;Colisão lateral;Sem Vítimas;Pleno dia;Decrescente;Nevoeiro/neblina;Dupla;Reta;Rural;2;2
1134500;2012-07-06;Sexta;03:00:00;SP;116;222.0;GUARULHOS;Falta de atenção;Queda de motocicleta / bicicleta / veículo;Com Vítimas Feridas;Plena noite;Decrescente;Ceu Claro;Simples;Reta;Urbano;1;1
1134508;2012-07-03;Terça;18:30:00;SP;116;147.1;SAO JOSE DOS CAMPOS;Não guardar distância de segurança;Colisão traseira;Sem Vítimas;Plena noite;Decrescente;Ceu Claro;Dupla;Reta;Urbano;2;2
1134596;2012-06-28;Quinta;15:45:00;SP;116;213.5;GUARULHOS;Não guardar distância de segurança;Colisão traseira;Sem Vítimas;Pleno dia;Crescente;Sol;Múltipla;Reta;Urbano;3;3
1134616;2012-07-03;Terça;07:25:00;SP;116;99.0;PINDAMONHANGABA;Outras;Colisão com objeto fixo;Sem Vítimas;Pleno dia;Crescente;Nevoeiro/neblina;Simples;Curva;Rural;1;1
1134791;2012-07-04;Quarta;23:30:00;SP;116;165.0;SAO JOSE DOS CAMPOS;Outras;Colisão traseira;Sem Vítimas;Plena noite;Decrescente;Ceu Claro;Dupla;Reta;Urbano;2;2
1134840;2012-07-05;Quinta;17:30:00;SP;116;99.4;PINDAMONHANGABA;Outras;Colisão com objeto fixo;Com Vítimas Feridas;Pleno dia;Crescente;Ceu Claro;Dupla;Reta;Urbano;1;1
1134897;2012-07-03;Terça;05:55:00;SP;116;209.0;GUARULHOS;Falta de atenção;Colisão traseira;Sem Vítimas;Amanhecer;Crescente;Ceu Claro;Dupla;Reta;Urbano;4;4
1134966;2012-07-05;Quinta;13:30:00;SP;116;165.0;JACAREI;Outras;Colisão traseira;Sem Vítimas;Pleno dia;Crescente;Ceu Claro;Múltipla;Reta;Rural;2;2
1135007;2012-07-06;Sexta;23:20:00;SP;116;128.0;CACAPAVA;Outras;Colisão com objeto fixo;Sem Vítimas;Plena noite;Decrescente;Ceu Claro;Dupla;Reta;Urbano;2;2
1135058;2012-07-06;Sexta;22:30:00;SP;116;205.0;GUARULHOS;Outras;Colisão traseira;Com Vítimas Feridas;Plena noite;Decrescente;Ceu Claro;Múltipla;Reta;Urbano;2;2
1135065;2012-07-06;Sexta;09:20:00;SP;116;221.0;GUARULHOS;Não guardar distância de segurança;Colisão traseira;Com Vítimas Feridas;Pleno dia;Decrescente;Ceu Claro;Dupla;Reta;Urbano;2;2
1135201;2012-06-29;Sexta;14:30:00;SP;116;119.5;TAUBATE;Não guardar distância de segurança;Colisão traseira;Sem Vítimas;Pleno dia;Decrescente;Sol;Dupla;Reta;Urbano;2;2
1135249;2012-07-07;Sábado;08:15:00;SP;116;126.4;CACAPAVA;Falta de atenção;Colisão traseira;Com Vítimas Feridas;Pleno dia;Decrescente;Sol;Dupla;Reta;Urbano;3;2
1135260;2012-07-02;Segunda;15:45:00;SP;116;161.9;JACAREI;Outras;Colisão lateral;Sem Vítimas;Pleno dia;Decrescente;Ceu Claro;Dupla;Reta;Rural;2;2
1135279;2012-07-07;Sábado;07:40:00;SP;116;118.8;TAUBATE;Falta de atenção;Colisão traseira;Sem Vítimas;Pleno dia;Decrescente;Sol;Dupla;Reta;Rural;3;3
1135290;2012-07-04;Quarta;07:20:00;SP;116;142.1;SAO JOSE DOS CAMPOS;Falta de atenção;Colisão traseira;Com Vítimas Feridas;Pleno dia;Decrescente;Ceu Claro;Dupla;Reta;Urbano;6;6
1135292;2012-06-29;Sexta;17:31:00;SP;116;119.0;TAUBATE;Não guardar distância de segurança;Colisão traseira;Sem Vítimas;Anoitecer;Decrescente;Ceu Claro;Dupla;Reta;Urbano;2;2
1135301;2012-07-07;Sábado;09:30:00;SP;116;135.0;SAO JOSE DOS CAMPOS;Falta de atenção;Colisão traseira;Sem Vítimas;Pleno dia;Decrescente;Sol;Dupla;Reta;Rural;2;2
1135341;2012-07-06;Sexta;22:43:00;SP;116;182.5;SANTA ISABEL;Velocidade incompatível;Colisão traseira;Com Vítimas Feridas;Plena noite;Decrescente;Nublado;Múltipla;Reta;Rural;8;4
1135346;2012-07-05;Quinta;11:15:00;SP;116;228.0;SAO PAULO;Outras;Colisão traseira;Sem Vítimas;Pleno dia;Crescente;Ceu Claro;Múltipla;Reta;Urbano;2;2
1135359;2012-06-29;Sexta;12:45:00;SP;116;119.3;TAUBATE;Defeito mecânico em veículo;Queda de motocicleta / bicicleta / veículo;Com Vítimas Feridas;Pleno dia;Crescente;Sol;Dupla;Reta;Urbano;1;1
1135386;2012-06-30;Sábado;22:40:00;SP;116;113.9;TAUBATE;Outras;Atropelamento de pessoa;Com Vítimas Fatais;Plena noite;Decrescente;Ceu Claro;Dupla;Reta;Urbano;2;1
1135424;2012-07-07;Sábado;11:35:00;SP;116;220.0;GUARULHOS;Não guardar distância de segurança;Colisão traseira;Com Vítimas Feridas;Pleno dia;Decrescente;Ceu Claro;Múltipla;Reta;Urbano;7;4
1135479;2012-07-06;Sexta;18:30:00;SP;116;219.0;GUARULHOS;Falta de atenção;Colisão lateral;Sem Vítimas;Plena noite;Decrescente;Nublado;Múltipla;Reta;Urbano;2;2
1135507;2012-07-06;Sexta;17:40:00;SP;116;116.7;TAUBATE;Falta de atenção;Colisão traseira;Sem Vítimas;Pleno dia;Decrescente;Ceu Claro;Dupla;Reta;Urbano;2;2
1135509;2012-07-03;Terça;08:50:00;SP;116;224.0;GUARULHOS;Não guardar distância de segurança;Colisão lateral;Com Vítimas Feridas;Pleno dia;Crescente;Ceu Claro;Múltipla;Reta;Urbano;2;2
1135511;2012-07-06;Sexta;08:28:00;SP;116;155.9;SAO JOSE DOS CAMPOS;Não guardar distância de segurança;Colisão traseira;Com Vítimas Fatais;Pleno dia;Crescente;Ceu Claro;Simples;Reta;Urbano;2;2
1135512;2012-07-03;Terça;07:45:00;SP;116;148.2;SAO JOSE DOS CAMPOS;Não guardar distância de segurança;Colisão traseira;Sem Vítimas;Pleno dia;Decrescente;Ceu Claro;Dupla;Reta;Urbano;2;2
1135515;2012-07-05;Quinta;07:31:00;SP;116;141.6;SAO JOSE DOS CAMPOS;Não guardar distância de segurança;Colisão traseira;Sem Vítimas;Pleno dia;Crescente;Sol;Dupla;Reta;Urbano;4;4
1135519;2012-07-06;Sexta;01:10:00;SP;116;120.7;CACAPAVA;Outras;Colisão lateral;Sem Vítimas;Plena noite;Decrescente;Ceu Claro;Dupla;Reta;Urbano;2;2
1135529;2012-07-06;Sexta;13:10:00;SP;116;145.9;SAO JOSE DOS CAMPOS;Outras;Colisão com objeto móvel;Com Vítimas Feridas;Pleno dia;Decrescente;Ceu Claro;Simples;Reta;Urbano;1;1
1135545;2012-07-06;Sexta;16:10:00;SP;116;144.7;SAO JOSE DOS CAMPOS;Falta de atenção;Colisão traseira;Sem Vítimas;Plena noite;Decrescente;Ceu Claro;Simples;Reta;Urbano;2;2
1135605;2012-07-07;Sábado;22:00:00;SP;116;222.5;GUARULHOS;Falta de atenção;Colisão com objeto móvel;Sem Vítimas;Plena noite;Decrescente;Chuva;Múltipla;Reta;Urbano;2;2
1135661;2012-07-03;Terça;19:45:00;SP;116;201.0;ARUJA;Outras;Atropelamento de pessoa;Com Vítimas Feridas;Plena noite;Decrescente;Ceu Claro;Dupla;Reta;Urbano;2;1
1135697;2012-07-06;Sexta;19:10:00;SP;116;116.8;TAUBATE;Falta de atenção;Colisão traseira;Sem Vítimas;Anoitecer;Decrescente;Ceu Claro;Dupla;Reta;Urbano;3;3
1135711;2012-07-08;Domingo;04:15:00;SP;116;124.3;CACAPAVA;Falta de atenção;Colisão lateral;Sem Vítimas;Plena noite;Decrescente;Chuva;Dupla;Reta;Rural;2;2
1135731;2012-07-05;Quinta;07:40:00;SP;116;155.5;SAO JOSE DOS CAMPOS;Velocidade incompatível;Colisão traseira;Sem Vítimas;Pleno dia;Crescente;Sol;Dupla;Reta;Urbano;2;2
1135782;2012-07-08;Domingo;09:00:00;SP;116;157.0;SAO JOSE DOS CAMPOS;Ingestão de álcool;Colisão lateral;Sem Vítimas;Pleno dia;Crescente;Nublado;Dupla;Reta;Urbano;2;2
1135787;2012-07-06;Sexta;04:40:00;SP;116;125.1;CACAPAVA;Outras;Colisão com objeto fixo;Sem Vítimas;Plena noite;Decrescente;Ceu Claro;Dupla;Reta;Urbano;1;1
1135788;2012-07-07;Sábado;09:00:00;SP;116;182.0;SANTA ISABEL;Falta de atenção;Colisão traseira;Sem Vítimas;Pleno dia;Decrescente;Ceu Claro;Múltipla;Reta;Rural;3;3
1135803;2012-07-08;Domingo;08:30:00;SP;116;112.0;TAUBATE;Outras;Colisão traseira;Sem Vítimas;Amanhecer;Decrescente;Nublado;Dupla;Reta;Urbano;4;4
1135813;2012-07-04;Quarta;09:55:00;SP;116;146.0;SAO JOSE DOS CAMPOS;Falta de atenção;Colisão traseira;Sem Vítimas;Pleno dia;Decrescente;Sol;Dupla;Reta;Urbano;3;3
1135826;2012-07-05;Quinta;18:30:00;SP;116;156.7;SAO JOSE DOS CAMPOS;Não guardar distância de segurança;Colisão traseira;Sem Vítimas;Anoitecer;Decrescente;Ceu Claro;Dupla;Reta;Urbano;3;3
1135847;2012-07-08;Domingo;00:15:00;SP;116;141.8;SAO JOSE DOS CAMPOS;Falta de atenção;Colisão traseira;Com Vítimas Feridas;Plena noite;Decrescente;Chuva;Dupla;Reta;Urbano;4;3
1135857;2012-07-01;Domingo;18:22:00;SP;116;129.4;CACAPAVA;Outras;Colisão lateral;Com Vítimas Feridas;Anoitecer;Crescente;Ceu Claro;Dupla;Reta;Urbano;2;2
1135864;2012-07-06;Sexta;07:00:00;SP;116;143.8;SAO JOSE DOS CAMPOS;Não guardar distância de segurança;Colisão traseira;Sem Vítimas;Pleno dia;Decrescente;Sol;Dupla;Reta;Urbano;2;2
1135868;2012-07-08;Domingo;07:20:00;SP;116;115.3;TAUBATE;Falta de atenção;Colisão com objeto fixo;Sem Vítimas;Amanhecer;Crescente;Chuva;Dupla;Reta;Urbano;1;1
1135888;2012-07-05;Quinta;05:30:00;SP;116;99.5;PINDAMONHANGABA;Outras;Colisão com objeto fixo;Sem Vítimas;Plena noite;Decrescente;Nublado;Dupla;Reta;Rural;1;1
1135945;2012-07-05;Quinta;18:30:00;SP;116;148.7;SAO JOSE DOS CAMPOS;Não guardar distância de segurança;Colisão traseira;Sem Vítimas;Plena noite;Decrescente;Nublado;Simples;Reta;Urbano;2;2
1135950;2012-07-08;Domingo;14:30:00;SP;116;192.7;SANTA ISABEL;Falta de atenção;Colisão traseira;Sem Vítimas;Pleno dia;Decrescente;Ceu Claro;Dupla;Reta;Rural;2;2
1135989;2012-07-07;Sábado;07:20:00;SP;116;118.8;TAUBATE;Falta de atenção;Colisão traseira;Sem Vítimas;Pleno dia;Decrescente;Ceu Claro;Dupla;Reta;Rural;2;2
1135996;2012-07-06;Sexta;22:20:00;SP;116;111.4;TAUBATE;Outras;Queda de motocicleta / bicicleta / veículo;Com Vítimas Feridas;Plena noite;Crescente;Ceu Claro;Dupla;Reta;Urbano;2;1
1136004;2012-07-07;Sábado;07:55:00;SP;116;120.0;CACAPAVA;Não guardar distância de segurança;Colisão traseira;Sem Vítimas;Pleno dia;Decrescente;Ceu Claro;Dupla;Reta;Rural;2;2
1136015;2012-07-07;Sábado;07:10:00;SP;116;116.2;TAUBATE;Outras;Colisão traseira;Sem Vítimas;Pleno dia;Decrescente;Ceu Claro;Dupla;Reta;Urbano;3;3
1136022;2012-06-20;Quarta;15:25:00;SP;116;213.1;GUARULHOS;Ingestão de álcool;Colisão traseira;Sem Vítimas;Pleno dia;Crescente;Ceu Claro;Múltipla;Reta;Urbano;2;2
1136029;2012-07-07;Sábado;12:30:00;SP;116;119.7;TAUBATE;Falta de atenção;Colisão traseira;Sem Vítimas;Pleno dia;Decrescente;Ceu Claro;Dupla;Reta;Rural;3;3
1136147;2012-07-07;Sábado;18:32:00;SP;116;177.5;GUARAREMA;Outras;Capotamento;Sem Vítimas;Pleno dia;Decrescente;Ceu Claro;Dupla;Reta;Urbano;1;1
1136175;2012-07-09;Segunda;05:30:00;SP;116;117.3;TAUBATE;Defeito mecânico em veículo;Incêndio;Sem Vítimas;Amanhecer;Decrescente;Ceu Claro;Dupla;Reta;Urbano;1;1
1136181;2012-07-04;Quarta;17:30:00;SP;116;204.0;ARUJA;Outras;Colisão traseira;Sem Vítimas;Pleno dia;Decrescente;Ceu Claro;Múltipla;Reta;Urbano;2;2
1136253;2012-05-25;Sexta;07:01:00;SP;116;146.0;SAO JOSE DOS CAMPOS;Falta de atenção;Colisão traseira;Sem Vítimas;Pleno dia;Crescente;Chuva;Dupla;Reta;Urbano;3;3
1136278;2012-07-06;Sexta;14:10:00;SP;116;228.9;SAO PAULO;Não guardar distância de segurança;Colisão traseira;Com Vítimas Feridas;Pleno dia;Decrescente;Ceu Claro;Múltipla;Reta;Urbano;2;2
1136443;2012-07-08;Domingo;18:15:00;SP;116;124.3;CACAPAVA;Outras;Colisão traseira;Sem Vítimas;Anoitecer;Crescente;Ceu Claro;Dupla;Reta;Rural;2;2
1136456;2012-07-08;Domingo;19:00:00;SP;116;131.0;CACAPAVA;Outras;Colisão traseira;Sem Vítimas;Plena noite;Crescente;Ceu Claro;Dupla;Reta;Urbano;3;3
1136546;2012-07-09;Segunda;21:00:00;SP;116;201.0;ARUJA;Outras;Atropelamento de pessoa;Sem Vítimas;Pleno dia;Crescente;Nublado;Múltipla;Reta;Urbano;2;1
1136585;2012-07-03;Terça;09:20:00;SP;116;227.6;SAO PAULO;Defeito mecânico em veículo;Colisão lateral;Com Vítimas Feridas;Pleno dia;Crescente;Nublado;Múltipla;Reta;Urbano;7;7
1136606;2012-07-02;Segunda;23:40:00;SP;116;177.0;GUARAREMA;Falta de atenção;Colisão lateral;Sem Vítimas;Plena noite;Decrescente;Nublado;Dupla;Reta;Urbano;2;2
1136701;2012-07-06;Sexta;21:40:00;SP;116;225.0;GUARULHOS;Falta de atenção;Capotamento;Com Vítimas Feridas;Plena noite;Decrescente;Ceu Claro;Múltipla;Reta;Urbano;1;1
1136768;2012-07-06;Sexta;15:45:00;SP;116;225.0;GUARULHOS;Falta de atenção;Colisão lateral;Com Vítimas Feridas;Pleno dia;Decrescente;Sol;Múltipla;Reta;Urbano;2;2
1136774;2012-07-07;Sábado;07:40:00;SP;116;121.9;CACAPAVA;Falta de atenção;Colisão traseira;Sem Vítimas;Amanhecer;Decrescente;Nublado;Dupla;Reta;Rural;3;3
1136779;2012-07-07;Sábado;23:34:00;SP;116;187.2;SANTA ISABEL;Outras;Colisão traseira;Sem Vítimas;Plena noite;Decrescente;Chuva;Dupla;Reta;Rural;2;2
1136937;2012-07-06;Sexta;09:00:00;SP;116;217.0;GUARULHOS;Falta de atenção;Colisão lateral;Sem Vítimas;Pleno dia;Crescente;Sol;Múltipla;Reta;Urbano;2;2
1136987;2012-07-08;Domingo;05:00:00;SP;116;183.7;SANTA ISABEL;Falta de atenção;Saída de Pista;Sem Vítimas;Amanhecer;Crescente;Chuva;Dupla;Reta;Rural;1;1
1137032;2012-07-07;Sábado;03:00:00;SP;116;228.0;SAO PAULO;Ingestão de álcool;Colisão traseira;Com Vítimas Feridas;Plena noite;Decrescente;Nublado;Múltipla;Reta;Urbano;6;4
1137052;2012-07-08;Domingo;08:30:00;SP;116;213.5;GUARULHOS;Dormindo;Colisão com objeto fixo;Sem Vítimas;Pleno dia;Decrescente;Ceu Claro;Múltipla;Curva;Urbano;1;1
1137152;2012-07-09;Segunda;16:50:00;SP;116;107.1;TAUBATE;Não guardar distância de segurança;Colisão traseira;Sem Vítimas;Pleno dia;Crescente;Ceu Claro;Dupla;Reta;Urbano;3;3
1137159;2012-07-06;Sexta;22:20:00;SP;116;205.0;GUARULHOS;Outras;Colisão traseira;Sem Vítimas;Plena noite;Decrescente;Ceu Claro;Dupla;Reta;Urbano;2;2
1137217;2012-07-09;Segunda;17:15:00;SP;116;112.3;TAUBATE;Outras;Colisão traseira;Sem Vítimas;Pleno dia;Crescente;Nublado;Dupla;Reta;Urbano;3;3
1137284;2012-07-07;Sábado;20:30:00;SP;116;200.0;ARUJA;Defeito mecânico em veículo;Saída de Pista;Sem Vítimas;Plena noite;Crescente;Ceu Claro;Dupla;Reta;Urbano;1;1
1137305;2012-06-26;Terça;07:30:00;SP;116;142.0;SAO JOSE DOS CAMPOS;Falta de atenção;Colisão lateral;Sem Vítimas;Amanhecer;Crescente;Ceu Claro;Simples;Reta;Urbano;3;3
1137339;2012-06-26;Terça;11:20:00;SP;116;117.5;TAUBATE;Falta de atenção;Colisão traseira;Sem Vítimas;Pleno dia;Decrescente;Ceu Claro;Simples;Reta;Rural;2;2
1137459;2012-07-06;Sexta;15:40:00;SP;116;142.3;SAO JOSE DOS CAMPOS;Falta de atenção;Colisão traseira;Sem Vítimas;Pleno dia;Decrescente;Sol;Dupla;Reta;Urbano;3;3
1137491;2012-07-10;Terça;19:15:00;SP;116;150.4;SAO JOSE DOS CAMPOS;Outras;Colisão traseira;Com Vítimas Feridas;Plena noite;Crescente;Ceu Claro;Dupla;Reta;Urbano;2;2
1137495;2012-07-07;Sábado;12:50:00;SP;116;115.1;TAUBATE;Falta de atenção;Colisão traseira;Sem Vítimas;Pleno dia;Decrescente;Ceu Claro;Dupla;Reta;Urbano;3;3
1137538;2012-07-06;Sexta;18:10:00;SP;116;114.7;TAUBATE;Falta de atenção;Colisão traseira;Sem Vítimas;Anoitecer;Decrescente;Ceu Claro;Dupla;Reta;Urbano;3;3
1137571;2012-07-07;Sábado;11:55:00;SP;116;124.4;CACAPAVA;Falta de atenção;Colisão traseira;Sem Vítimas;Pleno dia;Decrescente;Ceu Claro;Dupla;Reta;Rural;2;2
1137606;2012-07-07;Sábado;23:30:00;SP;116;214.0;GUARULHOS;Outras;Colisão com objeto fixo;Sem Vítimas;Plena noite;Decrescente;Chuva;Múltipla;Reta;Urbano;1;1
1137641;2012-07-10;Terça;14:20:00;SP;116;147.5;SAO JOSE DOS CAMPOS;Outras;Colisão lateral;Com Vítimas Feridas;Pleno dia;Crescente;Ceu Claro;Simples;Reta;Urbano;3;2
1137647;2012-07-11;Quarta;17:40:00;SP;116;204.1;ARUJA;Falta de atenção;Colisão lateral;Sem Vítimas;Plena noite;Decrescente;Ceu Claro;Dupla;Reta;Urbano;2;2
1137661;2012-07-07;Sábado;12:00:00;SP;116;217.0;GUARULHOS;Ingestão de álcool;Colisão traseira;Sem Vítimas;Pleno dia;Decrescente;Ceu Claro;Múltipla;Reta;Urbano;2;2
1137696;2012-07-07;Sábado;21:40:00;SP;116;210.0;GUARULHOS;Não guardar distância de segurança;Colisão traseira;Sem Vítimas;Plena noite;Decrescente;Ceu Claro;Múltipla;Reta;Urbano;2;2
1137727;2012-07-11;Quarta;07:10:00;SP;116;213.8;GUARULHOS;Falta de atenção;Colisão lateral;Sem Vítimas;Pleno dia;Crescente;Ceu Claro;Múltipla;Reta;Urbano;2;2
1137773;2012-07-12;Quinta;03:00:00;SP;116;204.1;ARUJA;Outras;Colisão traseira;Sem Vítimas;Amanhecer;Crescente;Ceu Claro;Dupla;Reta;Urbano;2;2
1137812;2012-07-12;Quinta;06:30:00;SP;116;121.7;CACAPAVA;Falta de atenção;Colisão com objeto fixo;Sem Vítimas;Pleno dia;Crescente;Ceu Claro;Simples;Reta;Rural;1;1