id;data_inversa;dia_semana;horario;uf;br;km;municipio;causa_acidente;tipo_acidente;classificacao_acidente;fase_dia;sentido_via;condicao_metereologica;tipo_pista;tracado_via;uso_solo;pessoas;veiculos
1142248;2012-07-18;Quarta;18:40:00;SP;116;113.0;TAUBATE;Outras;Queda de motocicleta / bicicleta / veículo;Com Vítimas Feridas;Plena noite;Decrescente;Ceu Claro;Dupla;Reta;Urbano;1;1
1142374;2012-07-19;Quinta;06:16:00;SP;116;139.3;SAO JOSE DOS CAMPOS;Falta de atenção;Colisão traseira;Com Vítimas Feridas;Amanhecer;Decrescente;Ceu Claro;Dupla;Reta;Urbano;2;2
1142453;2012-07-20;Sexta;13:30:00;SP;116;150.2;SAO JOSE DOS CAMPOS;Não guardar distância de segurança;Colisão traseira;Sem Vítimas;Pleno dia;Decrescente;Ceu Claro;Simples;Reta;Urbano;2;2
1142456;2012-07-12;Quinta;07:00:00;SP;116;149.0;SAO JOSE DOS CAMPOS;Outras;Colisão lateral;Sem Vítimas;Pleno dia;Crescente;Nevoeiro/neblina;Múltipla;Reta;Urbano;2;2
1142550;2012-07-20;Sexta;12:25:00;SP;116;107.9;TAUBATE;Outras;Colisão com objeto fixo;Sem Vítimas;Pleno dia;Crescente;Sol;Dupla;Reta;Urbano;3;3
1142570;2012-07-20;Sexta;14:30:00;SP;116;112.6;TAUBATE;Não guardar distância de segurança;Colisão traseira;Sem Vítimas;Pleno dia;Decrescente;Sol;Dupla;Reta;Urbano;2;2
1142769;2012-07-20;Sexta;17:55:00;SP;116;224.0;GUARULHOS;Ingestão de álcool;Colisão traseira;Sem Vítimas;Anoitecer;Decrescente;Ceu Claro;Múltipla;Reta;Urbano;3;3
1142804;2012-07-20;Sexta;10:00:00;SP;116;208.0;GUARULHOS;Falta de atenção;Colisão lateral;Com Vítimas Feridas;Pleno dia;Decrescente;Sol;Dupla;Reta;Urbano;5;2
1142966;2012-07-19;Quinta;15:45:00;SP;116;225.0;GUARULHOS;Não guardar distância de segurança;Colisão traseira;Com Vítimas Feridas;Pleno dia;Crescente;Sol;Múltipla;Reta;Urbano;2;2
1142974;2012-07-19;Quinta;13:00:00;SP;116;221.5;GUARULHOS;Não guardar distância de segurança;Colisão traseira;Sem Vítimas;Pleno dia;Crescente;Sol;Múltipla;Reta;Urbano;2;2
1142989;2012-07-17;Terça;20:00:00;SP;116;220.5;GUARULHOS;Outras;Colisão traseira;Com Vítimas Feridas;Plena noite;Decrescente;Chuva;Múltipla;Reta;Rural;2;2
1143029;2012-07-21;Sábado;09:30:00;SP;116;108.7;TAUBATE;Falta de atenção;Colisão traseira;Sem Vítimas;Pleno dia;Crescente;Sol;Dupla;Reta;Urbano;2;2
1143053;2012-07-21;Sábado;13:00:00;SP;116;220.0;GUARULHOS;Outras;Colisão lateral;Sem Vítimas;Pleno dia;Decrescente;Ceu Claro;Múltipla;Reta;Urbano;3;2
1143086;2012-07-21;Sábado;08:10:00;SP;116;209.0;GUARULHOS;Outras;Colisão traseira;Sem Vítimas;Pleno dia;Crescente;Ceu Claro;Dupla;Reta;Rural;2;2
1143114;2012-07-21;Sábado;08:15:00;SP;116;211.3;GUARULHOS;Não guardar distância de segurança;Colisão lateral;Com Vítimas Feridas;Pleno dia;Crescente;Ceu Claro;Múltipla;Reta;Urbano;3;3
1143228;2012-07-02;Segunda;08:35:00;SP;116;208.9;GUARULHOS;Ultrapassagem indevida;Colisão traseira;Com Vítimas Feridas;Pleno dia;Crescente;Sol;Dupla;Reta;Urbano;2;2
1143231;2012-07-20;Sexta;15:00:00;SP;116;132.0;CACAPAVA;Não guardar distância de segurança;Colisão traseira;Sem Vítimas;Pleno dia;Crescente;Ceu Claro;Dupla;Reta;Urbano;3;3
1143242;2012-07-20;Sexta;18:30:00;SP;116;99.0;PINDAMONHANGABA;Não guardar distância de segurança;Colisão traseira;Com Vítimas Feridas;Plena noite;Crescente;Ceu Claro;Dupla;Reta;Urbano;2;2
1143388;2012-07-22;Domingo;03:20:00;SP;116;214.0;GUARULHOS;Outras;Colisão traseira;Sem Vítimas;Plena noite;Decrescente;Ceu Claro;Múltipla;Reta;Urbano;4;3
1143411;2012-07-22;Domingo;06:10:00;SP;116;154.0;SAO JOSE DOS CAMPOS;Outras;Colisão lateral;Sem Vítimas;Amanhecer;Crescente;Ceu Claro;Múltipla;Reta;Urbano;2;2
1143427;2012-07-14;Sábado;07:10:00;SP;116;144.2;SAO JOSE DOS CAMPOS;Não guardar distância de segurança;Colisão traseira;Sem Vítimas;Amanhecer;Decrescente;Ceu Claro;Dupla;Reta;Rural;2;2
1143453;2012-07-07;Sábado;00:00:00;SP;116;211.4;GUARULHOS;Não guardar distância de segurança;Colisão traseira;Sem Vítimas;Plena noite;Crescente;Nublado;Múltipla;Reta;Urbano;2;2
1143508;2012-07-17;Terça;11:00:00;SP;116;166.4;JACAREI;Outras;Colisão traseira;Sem Vítimas;Pleno dia;Crescente;Ceu Claro;Múltipla;Reta;Rural;2;2
1143521;2012-07-11;Quarta;00:30:00;SP;116;227.0;SAO PAULO;Outras;Saída de Pista;Com Vítimas Feridas;Plena noite;Decrescente;Nublado;Múltipla;Reta;Urbano;1;1
1143540;2012-07-16;Segunda;06:50:00;SP;116;225.0;GUARULHOS;Falta de atenção;Colisão lateral;Sem Vítimas;Amanhecer;Decrescente;Ceu Claro;Múltipla;Reta;Urbano;3;3
1143635;2012-05-19;Sábado;15:30:00;SP;116;223.0;GUARULHOS;Falta de atenção;Colisão traseira;Com Vítimas Feridas;Pleno dia;Crescente;Sol;Múltipla;Reta;Urbano;2;2
1143651;2012-07-14;Sábado;20:00:00;SP;116;225.4;GUARULHOS;Não guardar distância de segurança;Colisão traseira;Sem Vítimas;Plena noite;Crescente;Ceu Claro;Múltipla;Reta;Urbano;4;4
1143654;2012-07-22;Domingo;16:45:00;SP;116;174.6;GUARAREMA;Falta de atenção;Capotamento;Com Vítimas Feridas;Pleno dia;Decrescente;Ceu Claro;Dupla;Reta;Rural;3;1
1143660;2012-07-15;Domingo;05:00:00;SP;116;211.8;GUARULHOS;Outras;Tombamento;Sem Vítimas;Plena noite;Crescente;Nublado;Múltipla;Reta;Urbano;1;1
1143666;2012-07-22;Domingo;16:15:00;SP;116;163.0;JACAREI;Outras;Colisão traseira;Sem Vítimas;Pleno dia;Crescente;Ceu Claro;Dupla;Reta;Rural;3;3
1143674;2012-07-18;Quarta;18:40:00;SP;116;224.0;GUARULHOS;Falta de atenção;Colisão lateral;Sem Vítimas;Plena noite;Crescente;Ceu Claro;Múltipla;Reta;Urbano;2;2
1143683;2012-07-22;Domingo;16:00:00;SP;116;215.0;GUARULHOS;Não guardar distância de segurança;Colisão traseira;Sem Vítimas;Pleno dia;Crescente;Nublado;Múltipla;Reta;Urbano;2;2
1143849;2012-07-18;Quarta;07:20:00;SP;116;125.1;CACAPAVA;Velocidade incompatível;Colisão com objeto fixo;Sem Vítimas;Pleno dia;Crescente;Sol;Dupla;Reta;Urbano;1;1
1144032;2012-07-20;Sexta;07:45:00;SP;116;219.5;GUARULHOS;Não guardar distância de segurança;Colisão lateral;Sem Vítimas;Pleno dia;Crescente;Ceu Claro;Múltipla;Reta;Urbano;2;2
1144033;2012-07-21;Sábado;06:59:00;SP;116;182.4;SANTA ISABEL;Velocidade incompatível;Colisão traseira;Sem Vítimas;Pleno dia;Decrescente;Nublado;Dupla;Reta;Rural;2;2
1144065;2012-07-23;Segunda;12:30:00;SP;116;166.2;JACAREI;Falta de atenção;Colisão traseira;Sem Vítimas;Pleno dia;Decrescente;Ceu Claro;Dupla;Reta;Urbano;2;2
1144076;2012-07-20;Sexta;16:30:00;SP;116;222.0;GUARULHOS;Outras;Colisão traseira;Sem Vítimas;Pleno dia;Decrescente;Ceu Claro;Múltipla;Reta;Urbano;2;2
1144080;2012-07-21;Sábado;08:00:00;SP;116;214.0;GUARULHOS;Outras;Colisão lateral;Sem Vítimas;Pleno dia;Crescente;Nublado;Múltipla;Reta;Urbano;2;2
1144093;2012-07-21;Sábado;20:40:00;SP;116;218.8;GUARULHOS;Outras;Colisão lateral;Sem Vítimas;Pleno dia;Crescente;Nevoeiro/neblina;Múltipla;Reta;Urbano;2;2
1144128;2012-07-23;Segunda;09:30:00;SP;116;204.1;ARUJA;Dormindo;Colisão traseira;Com Vítimas Feridas;Pleno dia;Decrescente;Ceu Claro;Dupla;Reta;Urbano;4;4
1144162;2012-07-20;Sexta;07:30:00;SP;116;222.0;GUARULHOS;Falta de atenção;Colisão lateral;Com Vítimas Feridas;Pleno dia;Crescente;Ceu Claro;Múltipla;Reta;Urbano;2;2
1144173;2012-07-16;Segunda;19:30:00;SP;116;201.0;SAO PAULO;Falta de atenção;Colisão traseira;Sem Vítimas;Plena noite;Decrescente;Chuva;Múltipla;Curva;Urbano;2;2
1144182;2012-07-20;Sexta;21:40:00;SP;116;227.8;GUARULHOS;Outras;Colisão traseira;Sem Vítimas;Plena noite;Decrescente;Ceu Claro;Múltipla;Reta;Urbano;3;3
1144209;2012-07-20;Sexta;16:00:00;SP;116;219.0;GUARULHOS;Outras;Atropelamento de pessoa;Com Vítimas Feridas;Pleno dia;Crescente;Ceu Claro;Simples;Reta;Urbano;2;1
1144235;2012-07-19;Quinta;18:10:00;SP;116;148.5;SAO JOSE DOS CAMPOS;Falta de atenção;Colisão traseira;Com Vítimas Feridas;Plena noite;Decrescente;Nublado;Dupla;Reta;Urbano;4;3
1144239;2012-07-22;Domingo;15:20:00;SP;116;107.0;TAUBATE;Não guardar distância de segurança;Colisão traseira;Sem Vítimas;Pleno dia;Crescente;Sol;Dupla;Reta;Urbano;4;4
1144248;2012-07-21;Sábado;07:30:00;SP;116;209.0;GUARULHOS;Outras;Colisão traseira;Sem Vítimas;Pleno dia;Decrescente;Ceu Claro;Múltipla;Reta;Urbano;2;2
1144277;2012-07-21;Sábado;11:30:00;SP;116;216.0;GUARULHOS;Outras;Atropelamento de pessoa;Com Vítimas Feridas;Pleno dia;Crescente;Ceu Claro;Múltipla;Reta;Urbano;2;1
1144284;2012-07-23;Segunda;18:25:00;SP;116;135.0;SAO JOSE DOS CAMPOS;Outras;Colisão traseira;Sem Vítimas;Anoitecer;Crescente;Ceu Claro;Dupla;Reta;Rural;2;2
1144286;2012-07-22;Domingo;05:30:00;SP;116;196.0;ARUJA;Outras;Atropelamento de pessoa;Com Vítimas Feridas;Amanhecer;Crescente;Ceu Claro;Dupla;Reta;Urbano;2;1
1144292;2012-07-23;Segunda;17:50:00;SP;116;142.3;SAO JOSE DOS CAMPOS;Outras;Colisão traseira;Sem Vítimas;Plena noite;Decrescente;Ceu Claro;Dupla;Reta;Urbano;4;4
1144334;2012-07-19;Quinta;18:20:00;SP;116;167.8;JACAREI;Falta de atenção;Colisão traseira;Com Vítimas Feridas;Anoitecer;Decrescente;Ceu Claro;Dupla;Reta;Urbano;2;2
1144343;2012-07-19;Quinta;13:00:00;SP;116;218.0;GUARULHOS;Falta de atenção;Colisão traseira;Sem Vítimas;Pleno dia;Crescente;Ceu Claro;Múltipla;Reta;Urbano;2;2
1144351;2012-07-19;Quinta;21:00:00;SP;116;229.1;GUARULHOS;Falta de atenção;Colisão traseira;Com Vítimas Feridas;Plena noite;Crescente;Ceu Claro;Múltipla;Reta;Urbano;5;4
1144385;2012-07-23;Segunda;18:45:00;SP;116;226.8;GUARULHOS;Não guardar distância de segurança;Colisão lateral;Sem Vítimas;Pleno dia;Decrescente;Ceu Claro;Dupla;Reta;Urbano;2;2
1144388;2012-07-24;Terça;03:30:00;SP;116;205.0;GUARULHOS;Velocidade incompatível;Colisão traseira;Com Vítimas Feridas;Plena noite;Decrescente;Ceu Claro;Dupla;Reta;Urbano;2;2
1144479;2012-07-19;Quinta;13:50:00;SP;116;120.9;CACAPAVA;Outras;Colisão lateral;Sem Vítimas;Pleno dia;Decrescente;Ceu Claro;Dupla;Reta;Rural;2;2
1144651;2012-07-20;Sexta;15:40:00;SP;116;132.0;CACAPAVA;Outras;Colisão traseira;Sem Vítimas;Pleno dia;Crescente;Nublado;Dupla;Reta;Urbano;2;2
1144772;2012-07-24;Terça;09:15:00;SP;116;223.0;GUARULHOS;Ultrapassagem indevida;Queda de motocicleta / bicicleta / veículo;Com Vítimas Feridas;Pleno dia;Crescente;Ceu Claro;Múltipla;Reta;Urbano;1;1
1144837;2012-07-24;Terça;21:12:00;SP;116;160.0;JACAREI;Falta de atenção;Colisão lateral;Sem Vítimas;Plena noite;Decrescente;Ceu Claro;Dupla;Reta;Urbano;2;2
1144922;2012-07-24;Terça;23:30:00;SP;116;154.0;SAO JOSE DOS CAMPOS;Falta de atenção;Queda de motocicleta / bicicleta / veículo;Com Vítimas Feridas;Plena noite;Crescente;Nublado;Dupla;Reta;Urbano;1;1
1144938;2012-07-23;Segunda;03:15:00;SP;116;125.5;CACAPAVA;Dormindo;Capotamento;Com Vítimas Feridas;Plena noite;Crescente;Ceu Claro;Dupla;Reta;Urbano;30;1
1144940;2012-07-24;Terça;23:00:00;SP;116;160.0;SAO JOSE DOS CAMPOS;Falta de atenção;Colisão lateral;Sem Vítimas;Plena noite;Crescente;Ceu Claro;Dupla;Reta;Urbano;2;2
1144957;2012-07-22;Domingo;02:30:00;SP;116;137.2;SAO JOSE DOS CAMPOS;Outras;Colisão com objeto fixo;Com Vítimas Feridas;Plena noite;Decrescente;Ceu Claro;Dupla;Reta;Urbano;2;1
1144974;2012-07-24;Terça;09:15:00;SP;116;219.0;GUARULHOS;Não guardar distância de segurança;Queda de motocicleta / bicicleta / veículo;Com Vítimas Feridas;Pleno dia;Decrescente;Ceu Claro;Múltipla;Reta;Urbano;1;1
1145041;2012-07-22;Domingo;21:55:00;SP;116;204.5;GUARULHOS;Falta de atenção;Colisão traseira;Sem Vítimas;Plena noite;Crescente;Ceu Claro;Múltipla;Reta;Urbano;2;2
1145054;2012-07-25;Quarta;09:10:00;SP;116;228.0;SAO PAULO;Outras;Colisão traseira;Sem Vítimas;Pleno dia;Decrescente;Sol;Múltipla;Reta;Urbano;2;2
1145098;2012-07-25;Quarta;07:50:00;SP;116;105.3;TAUBATE;Outras;Colisão com objeto fixo;Sem Vítimas;Pleno dia;Crescente;Sol;Múltipla;Curva;Urbano;1;1
1145194;2012-07-19;Quinta;18:30:00;SP;116;155.3;SAO JOSE DOS CAMPOS;Não guardar distância de segurança;Colisão traseira;Com Vítimas Feridas;Anoitecer;Crescente;Ceu Claro;Dupla;Curva;Urbano;10;9
1145239;2012-07-24;Terça;08:30:00;SP;116;145.7;SAO JOSE DOS CAMPOS;Não guardar distância de segurança;Colisão traseira;Com Vítimas Feridas;Pleno dia;Decrescente;Sol;Dupla;Reta;Urbano;4;4
1145284;2012-07-25;Quarta;11:00:00;SP;116;204.0;ARUJA;Falta de atenção;Colisão traseira;Sem Vítimas;Pleno dia;Crescente;Ceu Claro;Múltipla;Reta;Urbano;2;2
1145296;2012-07-24;Terça;18:20:00;SP;116;154.5;SAO JOSE DOS CAMPOS;Não guardar distância de segurança;Colisão traseira;Sem Vítimas;Plena noite;Decrescente;Ceu Claro;Dupla;Reta;Urbano;2;2
1145310;2012-07-25;Quarta;16:30:00;SP;116;152.0;SAO JOSE DOS CAMPOS;Falta de atenção;Colisão lateral;Sem Vítimas;Pleno dia;Crescente;Ceu Claro;Simples;Reta;Urbano;2;2
1145317;2012-07-13;Sexta;09:45:00;SP;116;225.0;GUARULHOS;Defeito mecânico em veículo;Colisão com objeto fixo;Sem Vítimas;Pleno dia;Crescente;Ceu Claro;Múltipla;Reta;Urbano;1;1
1145363;2012-07-21;Sábado;15:20:00;SP;116;212.0;GUARULHOS;Não guardar distância de segurança;Colisão traseira;Com Vítimas Feridas;Pleno dia;Crescente;Ceu Claro;Múltipla;Reta;Urbano;2;2
1145383;2012-07-25;Quarta;08:30:00;SP;116;227.0;GUARULHOS;Outras;Colisão lateral;Com Vítimas Feridas;Pleno dia;Crescente;Sol;Múltipla;Reta;Urbano;2;2
1145394;2012-07-25;Quarta;21:00:00;SP;116;224.0;GUARULHOS;Defeito mecânico em veículo;Colisão com objeto fixo;Com Vítimas Feridas;Plena noite;Crescente;Ceu Claro;Múltipla;Reta;Urbano;4;1
1145411;2012-07-25;Quarta;23:10:00;SP;116;145.7;SAO JOSE DOS CAMPOS;Defeito mecânico em veículo;Colisão traseira;Sem Vítimas;Plena noite;Decrescente;Ceu Claro;Dupla;Reta;Urbano;3;3
1145443;2012-07-24;Terça;09:00:00;SP;116;139.2;SAO JOSE DOS CAMPOS;Outras;Colisão traseira;Sem Vítimas;Pleno dia;Crescente;Ceu Claro;Dupla;Reta;Rural;2;2
1145561;2012-07-04;Quarta;22:00:00;SP;116;228.0;GUARULHOS;Outras;Colisão traseira;Sem Vítimas;Pleno dia;Decrescente;Nublado;Simples;Reta;Urbano;2;2
1145591;2012-07-22;Domingo;19:20:00;SP;116;99.0;PINDAMONHANGABA;Falta de atenção;Colisão traseira;Sem Vítimas;Plena noite;Crescente;Ceu Claro;Simples;Reta;Rural;4;4
1145632;2012-07-18;Quarta;07:40:00;SP;116;146.9;SAO JOSE DOS CAMPOS;Falta de atenção;Colisão lateral;Sem Vítimas;Pleno dia;Crescente;Nublado;Dupla;Reta;Urbano;2;2
1145648;2012-07-23;Segunda;20:45:00;SP;116;151.0;SAO JOSE DOS CAMPOS;Defeito mecânico em veículo;Colisão com objeto móvel;Sem Vítimas;Plena noite;Crescente;Ceu Claro;Dupla;Reta;Rural;2;2
1145667;2012-07-22;Domingo;19:50:00;SP;116;202.0;ARUJA;Falta de atenção;Colisão traseira;Sem Vítimas;Plena noite;Crescente;Ceu Claro;Dupla;Reta;Urbano;3;3
1145676;2012-07-26;Quinta;11:30:00;SP;116;227.9;SAO PAULO;Falta de atenção;Colisão lateral;Sem Vítimas;Pleno dia;Decrescente;Ceu Claro;Múltipla;Reta;Urbano;3;3
1145682;2012-07-23;Segunda;05:10:00;SP;116;228.0;SAO PAULO;Ingestão de álcool;Colisão traseira;Sem Vítimas;Plena noite;Decrescente;Ceu Claro;Múltipla;Reta;Urbano;2;2
1145700;2012-07-26;Quinta;09:25:00;SP;116;220.0;GUARULHOS;Falta de atenção;Colisão lateral;Sem Vítimas;Pleno dia;Decrescente;Ceu Claro;Múltipla;Reta;Urbano;3;3
1145717;2012-07-26;Quinta;10:50:00;SP;116;218.0;GUARULHOS;Não guardar distância de segurança;Colisão lateral;Sem Vítimas;Pleno dia;Crescente;Sol;Múltipla;Reta;Urbano;3;3
1145774;2012-07-25;Quarta;18:50:00;SP;116;134.2;SAO JOSE DOS CAMPOS;Não guardar distância de segurança;Colisão traseira;Sem Vítimas;Plena noite;Crescente;Ceu Claro;Dupla;Reta;Rural;2;2
1145887;2012-07-21;Sábado;04:00:00;SP;116;133.0;CACAPAVA;Outras;Colisão traseira;Sem Vítimas;Plena noite;Decrescente;Nevoeiro/neblina;Dupla;Reta;Urbano;3;3
1145966;2012-07-24;Terça;05:00:00;SP;116;159.2;JACAREI;Defeito mecânico em veículo;Colisão com objeto móvel;Sem Vítimas;Plena noite;Crescente;Ceu Claro;Dupla;Reta;Rural;1;1
1145973;2012-07-27;Sexta;07:45:00;SP;116;155.0;SAO JOSE DOS CAMPOS;Não guardar distância de segurança;Colisão traseira;Sem Vítimas;Amanhecer;Crescente;Ceu Claro;Múltipla;Reta;Rural;8;8
1146013;2012-05-02;Quarta;12:30:00;SP;116;226.0;GUARULHOS;Falta de atenção;Colisão traseira;Com Vítimas Feridas;Pleno dia;Crescente;Ceu Claro;Múltipla;Reta;Urbano;2;2
1146109;2012-07-25;Quarta;06:00:00;SP;116;218.0;GUARULHOS;Não guardar distância de segurança;Colisão lateral;Sem Vítimas;Amanhecer;Crescente;Ceu Claro;Múltipla;Reta;Urbano;2;2
1146120;2012-07-26;Quinta;05:00:00;SP;116;225.0;GUARULHOS;Outras;Queda de motocicleta / bicicleta / veículo;Com Vítimas Feridas;Amanhecer;Crescente;Ceu Claro;Múltipla;Reta;Urbano;1;1
1146125;2012-07-24;Terça;07:30:00;SP;116;143.0;SAO JOSE DOS CAMPOS;Não guardar distância de segurança;Colisão traseira;Sem Vítimas;Pleno dia;Crescente;Ceu Claro;Dupla;Reta;Urbano;2;2
1146127;2012-07-27;Sexta;11:10:00;SP;116;108.0;TAUBATE;Falta de atenção;Colisão traseira;Sem Vítimas;Pleno dia;Decrescente;Ceu Claro;Dupla;Reta;Urbano;2;2
1146136;2012-07-27;Sexta;08:15:00;SP;116;115.6;TAUBATE;Falta de atenção;Colisão traseira;Sem Vítimas;Pleno dia;Decrescente;Sol;Dupla;Reta;Urbano;3;2
1146137;2012-07-27;Sexta;07:40:00;SP;116;208.5;GUARULHOS;Outras;Colisão lateral;Com Vítimas Feridas;Pleno dia;Crescente;Ceu Claro;Dupla;Reta;Urbano;3;3
1146158;2012-07-19;Quinta;11:50:00;SP;116;220.0;GUARULHOS;Falta de atenção;Colisão lateral;Sem Vítimas;Pleno dia;Crescente;Ceu Claro;Múltipla;Reta;Urbano;2;2
1146199;2012-07-27;Sexta;08:20:00;SP;116;116.0;TAUBATE;Falta de atenção;Colisão traseira;Sem Vítimas;Pleno dia;Decrescente;Ceu Claro;Dupla;Reta;Urbano;3;3
1146220;2012-07-27;Sexta;10:00:00;SP;116;214.0;GUARULHOS;Não guardar distância de segurança;Colisão traseira;Sem Vítimas;Pleno dia;Crescente;Ceu Claro;Múltipla;Reta;Urbano;2;2
1146247;2012-07-27;Sexta;15:00:00;SP;116;214.0;GUARULHOS;Outras;Colisão com objeto móvel;Sem Vítimas;Pleno dia;Decrescente;Ceu Claro;Múltipla;Reta;Urbano;1;1
1146277;2012-07-27;Sexta;08:30:00;SP;116;122.6;CACAPAVA;Falta de atenção;Tombamento;Sem Vítimas;Pleno dia;Decrescente;Sol;Dupla;Reta;Rural;2;2
1146346;2012-07-24;Terça;19:20:00;SP;116;202.5;ARUJA;Falta de atenção;Queda de motocicleta / bicicleta / veículo;Com Vítimas Feridas;Plena noite;Decrescente;Ceu Claro;Múltipla;Reta;Urbano;2;1
1146354;2012-07-24;Terça;14:31:00;SP;116;204.0;ARUJA;Falta de atenção;Colisão traseira;Sem Vítimas;Pleno dia;Decrescente;Ceu Claro;Dupla;Reta;Rural;3;3
1146365;2012-07-27;Sexta;12:15:00;SP;116;227.0;SAO PAULO;Falta de atenção;Colisão lateral;Sem Vítimas;Pleno dia;Decrescente;Ceu Claro;Múltipla;Cruzamento;Urbano;2;2
1146368;2012-07-24;Terça;18:00:00;SP;116;148.0;SAO JOSE DOS CAMPOS;Não guardar distância de segurança;Colisão traseira;Sem Vítimas;Plena noite;Decrescente;Nublado;Dupla;Reta;Urbano;3;3
1146372;2012-07-21;Sábado;08:30:00;SP;116;165.2;JACAREI;Falta de atenção;Colisão traseira;Sem Vítimas;Pleno dia;Decrescente;Nevoeiro/neblina;Múltipla;Reta;Rural;2;2
1146412;2012-07-27;Sexta;08:20:00;SP;116;228.0;SAO PAULO;Outras;Colisão lateral;Com Vítimas Feridas;Pleno dia;Crescente;Ceu Claro;Múltipla;Reta;Urbano;2;2
1146427;2012-07-26;Quinta;18:50:00;SP;116;149.5;SAO JOSE DOS CAMPOS;Não guardar distância de segurança;Colisão traseira;Sem Vítimas;Anoitecer;Crescente;Nublado;Múltipla;Reta;Urbano;4;4
1146542;2012-07-25;Quarta;07:15:00;SP;116;128.4;CACAPAVA;Outras;Colisão lateral;Sem Vítimas;Pleno dia;Crescente;Sol;Dupla;Reta;Urbano;2;2
1146595;2012-07-27;Sexta;12:20:00;SP;116;111.2;TAUBATE;Falta de atenção;Colisão traseira;Sem Vítimas;Pleno dia;Crescente;Sol;Dupla;Reta;Urbano;2;2
1146658;2012-07-27;Sexta;16:25:00;SP;116;114.8;TAUBATE;Outras;Colisão traseira;Com Vítimas Feridas;Pleno dia;Crescente;Sol;Dupla;Reta;Urbano;2;2
1146679;2012-07-28;Sábado;14:20:00;SP;116;153.0;SAO JOSE DOS CAMPOS;Outras;Colisão com objeto móvel;Sem Vítimas;Pleno dia;Decrescente;Ceu Claro;Dupla;Reta;Urbano;2;2
1146799;2012-07-24;Terça;17:50:00;SP;116;228.0;SAO PAULO;Outras;Queda de motocicleta / bicicleta / veículo;Com Vítimas Feridas;Anoitecer;Decrescente;Ceu Claro;Múltipla;Reta;Urbano;2;2
1146817;2012-07-27;Sexta;13:05:00;SP;116;135.9;SAO JOSE DOS CAMPOS;Defeito mecânico em veículo;Colisão com objeto fixo;Sem Vítimas;Pleno dia;Crescente;Ceu Claro;Dupla;Reta;Rural;2;2
1146820;2012-07-27;Sexta;15:50:00;SP;116;103.3;TAUBATE;Falta de atenção;Colisão traseira;Sem Vítimas;Pleno dia;Decrescente;Ceu Claro;Dupla;Reta;Rural;2;2
1146847;2012-07-27;Sexta;07:40:00;SP;116;153.0;SAO JOSE DOS CAMPOS;Não guardar distância de segurança;Colisão traseira;Sem Vítimas;Pleno dia;Crescente;Ceu Claro;Dupla;Reta;Rural;2;2
1146860;2012-07-25;Quarta;05:30:00;SP;116;221.0;GUARULHOS;Não guardar distância de segurança;Colisão traseira;Sem Vítimas;Amanhecer;Crescente;Ceu Claro;Dupla;Reta;Urbano;2;2
1146902;2012-07-16;Segunda;02:55:00;SP;116;115.2;TAUBATE;Falta de atenção;Colisão traseira;Com Vítimas Feridas;Plena noite;Crescente;Nublado;Dupla;Reta;Urbano;2;2
1146912;2012-07-16;Segunda;05:45:00;SP;116;134.5;SAO JOSE DOS CAMPOS;Dormindo;Colisão com objeto fixo;Com Vítimas Feridas;Plena noite;Decrescente;Nevoeiro/neblina;Dupla;Reta;Urbano;1;1
1147096;2012-07-27;Sexta;05:00:00;SP;116;219.0;GUARULHOS;Falta de atenção;Colisão traseira;Com Vítimas Feridas;Plena noite;Decrescente;Ceu Claro;Múltipla;Reta;Urbano;3;3
1147128;2012-07-24;Terça;10:45:00;SP;116;142.1;SAO JOSE DOS CAMPOS;Falta de atenção;Colisão lateral;Sem Vítimas;Pleno dia;Decrescente;Ceu Claro;Dupla;Reta;Rural;2;2
1147297;2012-07-27;Sexta;08:10:00;SP;116;210.0;GUARULHOS;Falta de atenção;Colisão traseira;Sem Vítimas;Pleno dia;Crescente;Ceu Claro;Múltipla;Reta;Urbano;2;2
1147316;2012-07-28;Sábado;16:00:00;SP;116;188.8;SANTA ISABEL;Falta de atenção;Colisão traseira;Com Vítimas Feridas;Pleno dia;Crescente;Ceu Claro;Dupla;Reta;Urbano;2;2
1147317;2012-07-29;Domingo;13:30:00;SP;116;229.5;GUARULHOS;Falta de atenção;Colisão com objeto fixo;Sem Vítimas;Pleno dia;Decrescente;Ceu Claro;Múltipla;Reta;Urbano;1;1
1147320;2012-07-28;Sábado;17:25:00;SP;116;174.1;GUARAREMA;Defeito mecânico em veículo;Colisão traseira;Sem Vítimas;Pleno dia;Decrescente;Ceu Claro;Dupla;Reta;Rural;2;2
1147361;2012-07-29;Domingo;20:00:00;SP;116;212.0;GUARULHOS;Falta de atenção;Colisão com objeto fixo;Sem Vítimas;Plena noite;Decrescente;Ceu Claro;Múltipla;Reta;Urbano;1;1