id;data_inversa;dia_semana;horario;uf;br;km;municipio;causa_acidente;tipo_acidente;classificacao_acidente;fase_dia;sentido_via;condicao_metereologica;tipo_pista;tracado_via;uso_solo;pessoas;veiculos
1161598;2012-08-30;Quinta;16:40:00;SP;116;227.0;SAO PAULO;Outras;Colisão Transversal;Sem Vítimas;Pleno dia;Decrescente;Sol;Múltipla;Reta;Urbano;2;2
1161604;2012-08-30;Quinta;21:55:00;SP;116;99.0;PINDAMONHANGABA;Defeito mecânico em veículo;Colisão com objeto móvel;Sem Vítimas;Plena noite;Decrescente;Ceu Claro;Dupla;Reta;Rural;2;2
1161621;2012-08-31;Sexta;00:10:00;SP;116;162.0;SAO JOSE DOS CAMPOS;Falta de atenção;Saída de Pista;Com Vítimas Feridas;Plena noite;Crescente;Ceu Claro;Dupla;Reta;Urbano;4;1
1161680;2012-08-28;Terça;05:47:00;SP;116;118.8;TAUBATE;Outras;Saída de Pista;Sem Vítimas;Amanhecer;Decrescente;Ceu Claro;Dupla;Reta;Rural;2;2
1161711;2012-08-27;Segunda;09:30:00;SP;116;213.5;GUARULHOS;Não guardar distância de segurança;Colisão traseira;Com Vítimas Feridas;Pleno dia;Crescente;Nublado;Múltipla;Reta;Urbano;8;6
1161765;2012-08-30;Quinta;00:10:00;SP;116;218.3;GUARULHOS;Outras;Colisão traseira;Sem Vítimas;Plena noite;Crescente;Ceu Claro;Múltipla;Reta;Urbano;2;2
1161798;2012-08-31;Sexta;10:20:00;SP;116;140.7;SAO JOSE DOS CAMPOS;Outras;Colisão traseira;Sem Vítimas;Pleno dia;Crescente;Sol;Dupla;Reta;Urbano;3;3
1161814;2012-08-26;Domingo;20:20:00;SP;116;154.8;SAO JOSE DOS CAMPOS;Não guardar distância de segurança;Colisão traseira;Sem Vítimas;Plena noite;Crescente;Ceu Claro;Dupla;Reta;Urbano;3;3
1161817;2012-08-23;Quinta;13:35:00;SP;116;173.3;JACAREI;Outras;Capotamento;Sem Vítimas;Pleno dia;Decrescente;Ceu Claro;Dupla;Reta;Rural;2;2
1161821;2012-08-23;Quinta;18:28:00;SP;116;225.4;GUARULHOS;Não guardar distância de segurança;Colisão lateral;Com Vítimas Feridas;Plena noite;Decrescente;Ceu Claro;Múltipla;Reta;Urbano;2;2
1161904;2012-08-31;Sexta;15:37:00;SP;116;139.0;SAO JOSE DOS CAMPOS;Outras;Colisão lateral;Sem Vítimas;Pleno dia;Crescente;Ceu Claro;Dupla;Reta;Urbano;2;2
1161905;2012-08-29;Quarta;13:00:00;SP;116;213.0;GUARULHOS;Falta de atenção;Colisão lateral;Sem Vítimas;Pleno dia;Decrescente;Ceu Claro;Dupla;Reta;Urbano;2;2
1161917;2012-08-25;Sábado;07:00:00;SP;116;174.0;JACAREI;Falta de atenção;Colisão traseira;Sem Vítimas;Pleno dia;Decrescente;Ceu Claro;Dupla;Reta;Rural;2;2
1161994;2012-08-31;Sexta;18:40:00;SP;116;142.5;SAO JOSE DOS CAMPOS;Falta de atenção;Colisão traseira;Sem Vítimas;Plena noite;Crescente;Ceu Claro;Dupla;Reta;Urbano;2;2
1162042;2012-08-23;Quinta;10:50:00;SP;116;149.0;SAO JOSE DOS CAMPOS;Dormindo;Colisão traseira;Sem Vítimas;Pleno dia;Crescente;Sol;Dupla;Reta;Urbano;2;2
1162078;2012-08-28;Terça;15:28:00;SP;116;147.5;SAO JOSE DOS CAMPOS;Falta de atenção;Colisão com bicicleta;Com Vítimas Feridas;Pleno dia;Crescente;Sol;Dupla;Reta;Urbano;2;2
1162110;2012-08-27;Segunda;00:05:00;SP;116;147.3;SAO JOSE DOS CAMPOS;Não guardar distância de segurança;Colisão traseira;Sem Vítimas;Plena noite;Crescente;Ceu Claro;Dupla;Reta;Urbano;2;2
1162126;2012-08-29;Quarta;22:55:00;SP;116;190.5;SANTA ISABEL;Outras;Colisão lateral;Sem Vítimas;Plena noite;Crescente;Nublado;Dupla;Curva;Rural;2;2
1162232;2012-08-28;Terça;19:20:00;SP;116;119.6;CACAPAVA;Outras;Queda de motocicleta / bicicleta / veículo;Com Vítimas Feridas;Plena noite;Decrescente;Chuva;Dupla;Reta;Rural;1;1
1162254;2012-09-01;Sábado;06:40:00;SP;116;150.5;SAO JOSE DOS CAMPOS;Outras;Colisão com objeto fixo;Sem Vítimas;Pleno dia;Crescente;Ceu Claro;Dupla;Reta;Urbano;1;1
1162269;2012-08-28;Terça;17:00:00;SP;116;150.3;SAO JOSE DOS CAMPOS;Falta de atenção;Colisão traseira;Com Vítimas Feridas;Pleno dia;Crescente;Nublado;Dupla;Reta;Urbano;2;2
1162318;2012-05-21;Segunda;05:30:00;SP;116;225.0;GUARULHOS;Outras;Queda de motocicleta / bicicleta / veículo;Com Vítimas Feridas;Amanhecer;Decrescente;Ceu Claro;Múltipla;Reta;Urbano;1;1
1162326;2012-09-01;Sábado;10:00:00;SP;116;145.7;SAO JOSE DOS CAMPOS;Não guardar distância de segurança;Colisão traseira;Sem Vítimas;Pleno dia;Crescente;Ceu Claro;Múltipla;Reta;Urbano;2;2
1162364;2012-09-01;Sábado;11:30:00;SP;116;227.0;GUARULHOS;Falta de atenção;Colisão lateral;Sem Vítimas;Pleno dia;Decrescente;Ceu Claro;Múltipla;Reta;Urbano;2;2
1162389;2012-08-28;Terça;19:25:00;SP;116;226.5;GUARULHOS;Falta de atenção;Colisão traseira;Sem Vítimas;Plena noite;Crescente;Ceu Claro;Múltipla;Reta;Urbano;2;2
1162409;2012-08-29;Quarta;05:30:00;SP;116;172.0;JACAREI;Falta de atenção;Colisão traseira;Sem Vítimas;Amanhecer;Crescente;Ceu Claro;Dupla;Reta;Urbano;2;2
1162411;2012-09-01;Sábado;16:00:00;SP;116;161.3;SAO JOSE DOS CAMPOS;Não guardar distância de segurança;Colisão lateral;Sem Vítimas;Pleno dia;Decrescente;Ceu Claro;Dupla;Reta;Urbano;2;2
1162632;2012-08-28;Terça;19:40:00;SP;116;226.9;GUARULHOS;Não guardar distância de segurança;Colisão traseira;Com Vítimas Feridas;Plena noite;Decrescente;Nublado;Múltipla;Reta;Urbano;2;2
1162808;2012-08-30;Quinta;12:40:00;SP;116;222.0;GUARULHOS;Outras;Colisão traseira;Sem Vítimas;Pleno dia;Decrescente;Sol;Dupla;Reta;Urbano;3;3
1162909;2012-08-21;Terça;18:35:00;SP;116;222.0;GUARULHOS;Falta de atenção;Colisão com objeto fixo;Sem Vítimas;Plena noite;Decrescente;Ceu Claro;Múltipla;Reta;Urbano;1;1
1162915;2012-09-02;Domingo;10:00:00;SP;116;211.0;GUARULHOS;Outras;Colisão traseira;Sem Vítimas;Pleno dia;Decrescente;Ceu Claro;Dupla;Reta;Urbano;2;2
1162921;2012-08-25;Sábado;10:47:00;SP;116;212.0;GUARULHOS;Falta de atenção;Colisão traseira;Sem Vítimas;Pleno dia;Decrescente;Sol;Múltipla;Reta;Urbano;3;3
1162942;2012-08-29;Quarta;10:10:00;SP;116;220.2;GUARULHOS;Falta de atenção;Colisão traseira;Com Vítimas Feridas;Pleno dia;Crescente;Sol;Simples;Reta;Urbano;2;2
1163002;2012-08-29;Quarta;11:00:00;SP;116;220.2;GUARULHOS;Não guardar distância de segurança;Colisão traseira;Sem Vítimas;Pleno dia;Crescente;Ceu Claro;Múltipla;Reta;Urbano;2;2
1163024;2012-08-29;Quarta;19:30:00;SP;116;221.3;GUARULHOS;Outras;Colisão traseira;Com Vítimas Feridas;Plena noite;Decrescente;Ceu Claro;Múltipla;Reta;Urbano;3;2
1163043;2012-09-02;Domingo;17:25:00;SP;116;108.2;TAUBATE;Defeito mecânico em veículo;Colisão com objeto fixo;Sem Vítimas;Pleno dia;Crescente;Ceu Claro;Dupla;Reta;Urbano;2;2
1163103;2012-09-02;Domingo;20:10:00;SP;116;144.0;SAO JOSE DOS CAMPOS;Velocidade incompatível;Colisão lateral;Com Vítimas Feridas;Plena noite;Decrescente;Ceu Claro;Dupla;Reta;Urbano;2;2
1163345;2012-09-03;Segunda;08:30:00;SP;116;113.1;TAUBATE;Falta de atenção;Colisão traseira;Sem Vítimas;Pleno dia;Crescente;Sol;Dupla;Reta;Urbano;2;2
1163368;2012-09-03;Segunda;08:00:00;SP;116;111.5;TAUBATE;Não guardar distância de segurança;Colisão traseira;Sem Vítimas;Pleno dia;Crescente;Sol;Dupla;Reta;Urbano;5;5
1163382;2012-08-21;Terça;11:00:00;SP;116;222.2;GUARULHOS;Falta de atenção;Colisão lateral;Sem Vítimas;Pleno dia;Decrescente;Sol;Simples;Reta;Urbano;2;2
1163384;2012-09-03;Segunda;09:20:00;SP;116;101.5;PINDAMONHANGABA;Falta de atenção;Colisão traseira;Sem Vítimas;Pleno dia;Decrescente;Ceu Claro;Dupla;Reta;Urbano;2;2
1163396;2012-08-03;Sexta;08:00:00;SP;116;114.5;TAUBATE;Outras;Incêndio;Sem Vítimas;Pleno dia;Crescente;Sol;Dupla;Reta;Urbano;1;1
1163423;2012-09-03;Segunda;08:30:00;SP;116;112.7;TAUBATE;Outras;Colisão traseira;Sem Vítimas;Pleno dia;Crescente;Ceu Claro;Dupla;Reta;Urbano;2;2
1163439;2012-09-03;Segunda;13:30:00;SP;116;220.0;GUARULHOS;Outras;Colisão lateral;Sem Vítimas;Pleno dia;Decrescente;Ceu Claro;Múltipla;Reta;Urbano;2;2
1163444;2012-09-03;Segunda;07:00:00;SP;116;210.0;GUARULHOS;Outras;Colisão traseira;Sem Vítimas;Pleno dia;Crescente;Ceu Claro;Dupla;Reta;Urbano;2;2
1163447;2012-08-31;Sexta;20:50:00;SP;116;227.0;GUARULHOS;Não guardar distância de segurança;Colisão lateral;Com Vítimas Feridas;Plena noite;Crescente;Ceu Claro;Múltipla;Reta;Urbano;3;2
1163451;2012-09-03;Segunda;10:00:00;SP;116;105.0;TAUBATE;Falta de atenção;Colisão lateral;Sem Vítimas;Pleno dia;Crescente;Ceu Claro;Dupla;Reta;Urbano;2;2
1163530;2012-09-03;Segunda;12:15:00;SP;116;222.0;GUARULHOS;Outras;Colisão traseira;Sem Vítimas;Pleno dia;Decrescente;Ceu Claro;Múltipla;Reta;Urbano;2;2
1163791;2012-09-02;Domingo;18:11:00;SP;116;222.0;SAO PAULO;Outras;Colisão com objeto fixo;Sem Vítimas;Anoitecer;Crescente;Ceu Claro;Múltipla;Reta;Urbano;1;1
1163819;2012-08-31;Sexta;17:10:00;SP;116;226.5;GUARULHOS;Não guardar distância de segurança;Colisão lateral;Com Vítimas Feridas;Pleno dia;Decrescente;Ceu Claro;Múltipla;Reta;Urbano;2;2
1163826;2012-08-29;Quarta;19:05:00;SP;116;219.0;GUARULHOS;Não guardar distância de segurança;Colisão lateral;Com Vítimas Feridas;Plena noite;Crescente;Nublado;Dupla;Reta;Urbano;2;2
1163849;2012-09-04;Terça;06:45:00;SP;116;167.0;JACAREI;Falta de atenção;Colisão traseira;Sem Vítimas;Pleno dia;Decrescente;Ceu Claro;Múltipla;Reta;Urbano;2;2
1163873;2012-08-30;Quinta;19:50:00;SP;116;154.7;SAO JOSE DOS CAMPOS;Não guardar distância de segurança;Colisão traseira;Sem Vítimas;Plena noite;Crescente;Nublado;Simples;Reta;Urbano;3;3
1163878;2012-08-31;Sexta;23:50:00;SP;116;221.0;GUARULHOS;Ingestão de álcool;Colisão com objeto fixo;Sem Vítimas;Plena noite;Crescente;Ceu Claro;Múltipla;Reta;Urbano;1;1
1163899;2012-08-31;Sexta;23:50:00;SP;116;221.0;GUARULHOS;Outras;Atropelamento de pessoa;Com Vítimas Feridas;Plena noite;Crescente;Ceu Claro;Múltipla;Reta;Urbano;3;2
1163945;2012-08-27;Segunda;00:01:00;SP;116;146.8;SAO JOSE DOS CAMPOS;Falta de atenção;Colisão traseira;Com Vítimas Feridas;Plena noite;Crescente;Nublado;Simples;Reta;Urbano;6;2
1164001;2012-08-25;Sábado;08:10:00;SP;116;141.0;SAO JOSE DOS CAMPOS;Falta de atenção;Colisão com objeto fixo;Sem Vítimas;Amanhecer;Decrescente;Ceu Claro;Simples;Reta;Rural;2;2
1164122;2012-09-03;Segunda;18:10:00;SP;116;157.0;SAO JOSE DOS CAMPOS;Falta de atenção;Colisão lateral;Sem Vítimas;Anoitecer;Decrescente;Ceu Claro;Dupla;Reta;Rural;2;2
1164124;2012-09-03;Segunda;08:00:00;SP;116;157.0;SAO JOSE DOS CAMPOS;Falta de atenção;Colisão lateral;Sem Vítimas;Pleno dia;Decrescente;Ceu Claro;Simples;Reta;Urbano;2;2
1164172;2012-08-29;Quarta;14:45:00;SP;116;153.3;SAO JOSE DOS CAMPOS;Outras;Colisão traseira;Sem Vítimas;Pleno dia;Crescente;Sol;Múltipla;Reta;Urbano;4;4
1164216;2012-09-03;Segunda;11:30:00;SP;116;155.0;SAO JOSE DOS CAMPOS;Outras;Queda de motocicleta / bicicleta / veículo;Com Vítimas Feridas;Plena noite;Crescente;Sol;Múltipla;Reta;Urbano;2;2
1164222;2012-09-03;Segunda;17:50:00;SP;116;154.0;SAO JOSE DOS CAMPOS;Falta de atenção;Colisão traseira;Sem Vítimas;Anoitecer;Crescente;Ceu Claro;Simples;Reta;Urbano;3;3
1164305;2012-08-31;Sexta;23:00:00;SP;116;226.9;GUARULHOS;Falta de atenção;Colisão traseira;Com Vítimas Feridas;Plena noite;Decrescente;Ceu Claro;Dupla;Reta;Urbano;2;2
1164318;2012-08-25;Sábado;09:20:00;SP;116;142.4;SAO JOSE DOS CAMPOS;Não guardar distância de segurança;Colisão traseira;Sem Vítimas;Amanhecer;Decrescente;Ceu Claro;Simples;Reta;Urbano;4;4
1164319;2012-08-30;Quinta;08:50:00;SP;116;137.5;SAO JOSE DOS CAMPOS;Defeito mecânico em veículo;Tombamento;Sem Vítimas;Pleno dia;Decrescente;Ceu Claro;Simples;Reta;Urbano;1;1
1164320;2012-09-01;Sábado;01:05:00;SP;116;121.9;CACAPAVA;Falta de atenção;Colisão traseira;Com Vítimas Feridas;Amanhecer;Crescente;Ceu Claro;Simples;Reta;Rural;3;3
1164328;2012-08-31;Sexta;17:20:00;SP;116;229.8;SAO PAULO;Não guardar distância de segurança;Colisão lateral;Com Vítimas Feridas;Pleno dia;Decrescente;Ceu Claro;Múltipla;Reta;Urbano;2;2
1164490;2012-09-01;Sábado;23:40:00;SP;116;223.0;GUARULHOS;Desobediência à sinalização;Atropelamento de pessoa;Sem Vítimas;Plena noite;Decrescente;Ceu Claro;Múltipla;Reta;Urbano;2;1
1164517;2012-08-30;Quinta;05:10:00;SP;116;181.4;GUARAREMA;Falta de atenção;Colisão Transversal;Sem Vítimas;Amanhecer;Decrescente;Ceu Claro;Dupla;Reta;Rural;2;2
1164611;2012-09-01;Sábado;19:15:00;SP;116;152.0;SAO JOSE DOS CAMPOS;Outras;Colisão lateral;Sem Vítimas;Plena noite;Decrescente;Ceu Claro;Dupla;Reta;Urbano;2;2
1164615;2012-09-02;Domingo;03:10:00;SP;116;163.5;JACAREI;Dormindo;Queda de motocicleta / bicicleta / veículo;Com Vítimas Feridas;Plena noite;Crescente;Nevoeiro/neblina;Dupla;Reta;Rural;1;1
1164725;2012-09-04;Terça;05:50:00;SP;116;213.0;GUARULHOS;Falta de atenção;Colisão lateral;Sem Vítimas;Amanhecer;Crescente;Nublado;Múltipla;Reta;Urbano;2;2
1164754;2012-09-05;Quarta;10:50:00;SP;116;223.6;GUARULHOS;Falta de atenção;Colisão traseira;Com Vítimas Feridas;Pleno dia;Crescente;Ceu Claro;Múltipla;Reta;Urbano;6;5
1164787;2012-09-05;Quarta;19:39:00;SP;116;125.0;CACAPAVA;Outras;Colisão traseira;Sem Vítimas;Plena noite;Decrescente;Ceu Claro;Dupla;Reta;Rural;3;3
1164958;2012-09-06;Quinta;09:30:00;SP;116;153.3;SAO JOSE DOS CAMPOS;Defeito mecânico em veículo;Queda de motocicleta / bicicleta / veículo;Com Vítimas Feridas;Pleno dia;Decrescente;Ceu Claro;Múltipla;Reta;Urbano;1;1
1165377;2012-09-06;Quinta;11:30:00;SP;116;219.4;GUARULHOS;Outras;Colisão traseira;Com Vítimas Feridas;Pleno dia;Crescente;Ceu Claro;Múltipla;Reta;Urbano;2;2
1165387;2012-09-06;Quinta;06:50:00;SP;116;219.0;GUARULHOS;Falta de atenção;Colisão traseira;Sem Vítimas;Pleno dia;Decrescente;Ceu Claro;Múltipla;Reta;Urbano;3;3
1165448;2012-09-07;Sexta;02:45:00;SP;116;204.3;ARUJA;Falta de atenção;Colisão traseira;Sem Vítimas;Plena noite;Crescente;Ceu Claro;Múltipla;Reta;Urbano;2;2
1165508;2012-09-03;Segunda;19:15:00;SP;116;153.8;SAO JOSE DOS CAMPOS;Outras;Colisão traseira;Sem Vítimas;Plena noite;Crescente;Ceu Claro;Dupla;Reta;Urbano;3;3
1165551;2012-09-04;Terça;08:43:00;SP;116;227.6;SAO PAULO;Falta de atenção;Colisão lateral;Com Vítimas Feridas;Amanhecer;Decrescente;Sol;Simples;Curva;Urbano;2;2
1165572;2012-09-04;Terça;15:45:00;SP;116;227.0;SAO PAULO;Falta de atenção;Colisão traseira;Sem Vítimas;Pleno dia;Decrescente;Sol;Múltipla;Reta;Urbano;3;3
1165663;2012-09-03;Segunda;22:30:00;SP;116;111.8;TAUBATE;Outras;Colisão com objeto fixo;Com Vítimas Feridas;Plena noite;Decrescente;Ceu Claro;Dupla;Reta;Urbano;1;1
1165731;2012-09-07;Sexta;12:36:00;SP;116;136.0;SAO JOSE DOS CAMPOS;Outras;Colisão traseira;Sem Vítimas;Pleno dia;Decrescente;Ceu Claro;Dupla;Reta;Urbano;3;3
1165735;2012-09-07;Sexta;14:00:00;SP;116;121.8;CACAPAVA;Outras;Colisão traseira;Com Vítimas Feridas;Pleno dia;Decrescente;Ceu Claro;Dupla;Reta;Rural;5;4
1165783;2012-08-31;Sexta;09:10:00;SP;116;219.0;GUARULHOS;Não guardar distância de segurança;Colisão traseira;Sem Vítimas;Pleno dia;Decrescente;Ceu Claro;Múltipla;Reta;Urbano;2;2
1165807;2012-09-07;Sexta;10:30:00;SP;116;143.0;SAO JOSE DOS CAMPOS;Falta de atenção;Colisão lateral;Sem Vítimas;Pleno dia;Decrescente;Ceu Claro;Dupla;Reta;Urbano;2;2
1165823;2012-09-03;Segunda;12:30:00;SP;116;224.0;GUARULHOS;Outras;Colisão lateral;Com Vítimas Feridas;Pleno dia;Decrescente;Sol;Múltipla;Reta;Urbano;2;2
1165829;2012-09-06;Quinta;18:45:00;SP;116;173.6;JACAREI;Outras;Capotamento;Sem Vítimas;Plena noite;Decrescente;Ceu Claro;Simples;Reta;Rural;1;1
1165851;2012-09-03;Segunda;21:00:00;SP;116;228.0;SAO PAULO;Falta de atenção;Colisão lateral;Com Vítimas Feridas;Plena noite;Crescente;Ceu Claro;Múltipla;Reta;Urbano;2;2
1165912;2012-09-04;Terça;04:30:00;SP;116;215.6;BARRA DO TURVO;Velocidade incompatível;Colisão com objeto fixo;Sem Vítimas;Plena noite;Crescente;Chuva;Simples;Curva;Rural;1;1
1165952;2012-09-07;Sexta;06:20:00;SP;116;113.0;TAUBATE;Não guardar distância de segurança;Colisão traseira;Sem Vítimas;Pleno dia;Crescente;Ceu Claro;Dupla;Reta;Urbano;2;2
1166081;2012-09-04;Terça;14:20:00;SP;116;219.0;GUARULHOS;Outras;Colisão Transversal;Sem Vítimas;Pleno dia;Crescente;Ceu Claro;Múltipla;Reta;Urbano;2;2
1166090;2012-09-05;Quarta;06:20:00;SP;116;219.0;GUARULHOS;Não guardar distância de segurança;Colisão lateral;Sem Vítimas;Pleno dia;Crescente;Ceu Claro;Múltipla;Curva;Urbano;2;2
1166131;2012-09-05;Quarta;09:45:00;SP;116;148.5;SAO JOSE DOS CAMPOS;Falta de atenção;Colisão lateral;Sem Vítimas;Pleno dia;Crescente;Chuva;Dupla;Reta;Rural;2;2
1166270;2012-09-02;Domingo;01:30:00;SP;116;220.0;GUARULHOS;Velocidade incompatível;Colisão com objeto fixo;Com Vítimas Feridas;Plena noite;Decrescente;Ceu Claro;Múltipla;Reta;Urbano;2;1
1166295;2012-09-08;Sábado;08:55:00;SP;116;116.2;TAUBATE;Não guardar distância de segurança;Colisão traseira;Sem Vítimas;Pleno dia;Decrescente;Ceu Claro;Dupla;Reta;Urbano;4;4
1166326;2012-09-08;Sábado;09:00:00;SP;116;117.2;TAUBATE;Não guardar distância de segurança;Colisão traseira;Sem Vítimas;Pleno dia;Decrescente;Sol;Dupla;Reta;Rural;2;2
1166369;2012-09-08;Sábado;15:30:00;SP;116;196.0;ARUJA;Ingestão de álcool;Colisão lateral;Com Vítimas Feridas;Pleno dia;Crescente;Sol;Dupla;Reta;Urbano;2;2
1166567;2012-09-06;Quinta;21:30:00;SP;116;149.3;SAO JOSE DOS CAMPOS;Não guardar distância de segurança;Colisão traseira;Com Vítimas Feridas;Plena noite;Decrescente;Ceu Claro;Dupla;Reta;Urbano;3;2
1166673;2012-09-06;Quinta;05:30:00;SP;116;144.0;SAO JOSE DOS CAMPOS;Falta de atenção;Colisão traseira;Sem Vítimas;Amanhecer;Decrescente;Nublado;Simples;Reta;Urbano;2;2
1166710;2012-09-09;Domingo;13:35:00;SP;116;150.5;SAO JOSE DOS CAMPOS;Não guardar distância de segurança;Colisão traseira;Sem Vítimas;Pleno dia;Crescente;Ceu Claro;Simples;Reta;Urbano;2;2
1166817;2012-09-07;Sexta;09:30:00;SP;116;204.0;ARUJA;Outras;Colisão traseira;Sem Vítimas;Pleno dia;Decrescente;Ceu Claro;Simples;Reta;Urbano;2;2
1166857;2012-09-02;Domingo;21:30:00;SP;116;219.0;GUARULHOS;Outras;Colisão com objeto fixo;Sem Vítimas;Plena noite;Decrescente;Ceu Claro;Múltipla;Reta;Urbano;1;1
1166960;2012-09-06;Quinta;09:25:00;SP;116;102.4;PINDAMONHANGABA;Ultrapassagem indevida;Colisão traseira;Com Vítimas Feridas;Pleno dia;Decrescente;Sol;Dupla;Reta;Rural;3;3
1166981;2012-09-09;Domingo;23:10:00;SP;116;214.0;GUARULHOS;Velocidade incompatível;Colisão traseira;Com Vítimas Feridas;Plena noite;Decrescente;Nublado;Múltipla;Reta;Urbano;4;3
1167048;2012-09-05;Quarta;17:40:00;SP;116;223.0;GUARULHOS;Não guardar distância de segurança;Colisão lateral;Com Vítimas Feridas;Anoitecer;Decrescente;Ceu Claro;Múltipla;Reta;Urbano;4;3
1167111;2012-09-07;Sexta;00:02:00;SP;116;103.9;TAUBATE;Outras;Colisão traseira;Com Vítimas Feridas;Plena noite;Decrescente;Ceu Claro;Dupla;Reta;Urbano;2;2
1167213;2012-09-03;Segunda;05:45:00;SP;116;117.0;TAUBATE;Falta de atenção;Colisão traseira;Com Vítimas Fatais;Amanhecer;Crescente;Ceu Claro;Dupla;Reta;Urbano;2;2
1167239;2012-09-07;Sexta;06:15:00;SP;116;153.9;SAO JOSE DOS CAMPOS;Falta de atenção;Colisão lateral;Com Vítimas Feridas;Pleno dia;Decrescente;Ceu Claro;Múltipla;Reta;Rural;5;3
1167451;2012-09-06;Quinta;17:05:00;SP;116;104.7;TAUBATE;Outras;Colisão traseira;Sem Vítimas;Pleno dia;Crescente;Ceu Claro;Dupla;Reta;Rural;2;2
1167455;2012-09-09;Domingo;05:52:00;SP;116;116.9;TAUBATE;Falta de atenção;Colisão com objeto fixo;Sem Vítimas;Amanhecer;Decrescente;Ceu Claro;Dupla;Reta;Urbano;1;1
1167457;2012-09-09;Domingo;17:00:00;SP;116;178.9;GUARAREMA;Outras;Colisão lateral;Sem Vítimas;Pleno dia;Decrescente;Ceu Claro;Simples;Reta;Rural;2;2
1167459;2012-09-06;Quinta;12:30:00;SP;116;229.0;SAO PAULO;Não guardar distância de segurança;Colisão lateral;Com Vítimas Feridas;Pleno dia;Decrescente;Ceu Claro;Múltipla;Reta;Urbano;2;2
1167476;2012-09-06;Quinta;22:40:00;SP;116;215.0;GUARULHOS;Outras;Colisão lateral;Sem Vítimas;Plena noite;Decrescente;Ceu Claro;Múltipla;Reta;Urbano;2;2
1167625;2012-09-10;Segunda;10:57:00;SP;116;227.0;SAO PAULO;Falta de atenção;Atropelamento de pessoa;Com Vítimas Feridas;Pleno dia;Decrescente;Sol;Múltipla;Curva;Urbano;2;1
1167646;2012-09-06;Quinta;20:20:00;SP;116;214.0;GUARULHOS;Outras;Colisão traseira;Com Vítimas Feridas;Plena noite;Decrescente;Ceu Claro;Múltipla;Reta;Urbano;2;2
1167648;2012-09-02;Domingo;15:10:00;SP;116;125.8;CACAPAVA;Defeito mecânico em veículo;Colisão com objeto móvel;Sem Vítimas;Pleno dia;Decrescente;Ceu Claro;Dupla;Reta;Urbano;2;2
1167651;2012-09-06;Quinta;11:10:00;SP;116;219.0;GUARULHOS;Outras;Colisão frontal;Com Vítimas Feridas;Pleno dia;Crescente;Sol;Simples;Curva;Urbano;2;2
1167722;2012-09-10;Segunda;10:15:00;SP;116;199.0;ARUJA;Outras;Tombamento;Com Vítimas Feridas;Pleno dia;Decrescente;Ceu Claro;Dupla;Reta;Urbano;2;1
1167789;2012-09-10;Segunda;19:00:00;SP;116;148.0;SAO JOSE DOS CAMPOS;Falta de atenção;Colisão traseira;Com Vítimas Feridas;Plena noite;Decrescente;Ceu Claro;Dupla;Reta;Rural;5;5
1167876;2012-09-11;Terça;04:50:00;SP;116;223.0;GUARULHOS;Outras;Colisão traseira;Sem Vítimas;Plena noite;Crescente;Nublado;Múltipla;Reta;Urbano;3;3
1167891;2012-09-07;Sexta;19:10:00;SP;116;153.2;SAO JOSE DOS CAMPOS;Falta de atenção;Colisão lateral;Com Vítimas Feridas;Plena noite;Decrescente;Nublado;Múltipla;Reta;Urbano;4;3
1168000;2012-09-11;Terça;12:40:00;SP;116;121.6;CACAPAVA;Falta de atenção;Colisão lateral;Sem Vítimas;Pleno dia;Decrescente;Ceu Claro;Dupla;Reta;Rural;2;2
1168040;2012-09-07;Sexta;08:50:00;SP;116;151.0;SAO JOSE DOS CAMPOS;Falta de atenção;Colisão traseira;Sem Vítimas;Pleno dia;Decrescente;Sol;Dupla;Reta;Urbano;3;3
1168054;2012-09-08;Sábado;01:10:00;SP;116;161.0;JACAREI;Ingestão de álcool;Atropelamento de pessoa;Com Vítimas Fatais;Plena noite;Crescente;Ceu Claro;Dupla;Reta;Urbano;2;1
1168148;2012-09-10;Segunda;14:40:00;SP;116;223.6;GUARULHOS;Outras;Colisão traseira;Com Vítimas Fatais;Pleno dia;Crescente;Ceu Claro;Múltipla;Reta;Urbano;2;2
1168166;2012-09-11;Terça;22:30:00;SP;116;217.0;GUARULHOS;Outras;Capotamento;Com Vítimas Feridas;Plena noite;Decrescente;Ceu Claro;Dupla;Reta;Urbano;2;2
1168170;2012-09-11;Terça;21:45:00;SP;116;216.0;GUARULHOS;Falta de atenção;Colisão lateral;Sem Vítimas;Plena noite;Decrescente;Ceu Claro;Dupla;Reta;Urbano;2;2
1168186;2012-09-10;Segunda;19:00:00;SP;116;218.0;GUARULHOS;Não guardar distância de segurança;Colisão lateral;Com Vítimas Feridas;Plena noite;Crescente;Nublado;Simples;Reta;Urbano;2;2