id;data_inversa;dia_semana;horario;uf;br;km;municipio;causa_acidente;tipo_acidente;classificacao_acidente;fase_dia;sentido_via;condicao_metereologica;tipo_pista;tracado_via;uso_solo;pessoas;veiculos
1179448;2012-10-03;Quarta;17:38:00;SP;116;109.7;TAUBATE;Outras;Colisão lateral;Sem Vítimas;Pleno dia;Decrescente;Ceu Claro;Dupla;Reta;Urbano;2;2
1179453;2012-10-03;Quarta;15:50:00;SP;116;157.0;SAO JOSE DOS CAMPOS;Falta de atenção;Queda de motocicleta / bicicleta / veículo;Com Vítimas Feridas;Pleno dia;Crescente;Ceu Claro;Simples;Curva;Urbano;1;1
1179483;2012-10-03;Quarta;22:55:00;SP;116;123.0;CACAPAVA;Outras;Saída de Pista;Com Vítimas Feridas;Plena noite;Decrescente;Ceu Claro;Dupla;Reta;Rural;4;1
1179509;2012-10-04;Quinta;02:10:00;SP;116;228.0;SAO PAULO;Ingestão de álcool;Colisão com objeto móvel;Com Vítimas Feridas;Plena noite;Decrescente;Ceu Claro;Múltipla;Reta;Urbano;1;1
1179568;2012-09-21;Sexta;04:50:00;SP;116;143.1;SAO JOSE DOS CAMPOS;Ingestão de álcool;Colisão traseira;Sem Vítimas;Plena noite;Decrescente;Nublado;Dupla;Reta;Urbano;2;2
1179626;2012-08-10;Sexta;10:30:00;SP;116;199.0;ARUJA;Outras;Colisão lateral;Sem Vítimas;Pleno dia;Crescente;Ceu Claro;Dupla;Reta;Urbano;2;2
1179644;2012-09-29;Sábado;05:30:00;SP;116;153.0;SAO JOSE DOS CAMPOS;Não guardar distância de segurança;Colisão lateral;Sem Vítimas;Amanhecer;Crescente;Ceu Claro;Dupla;Reta;Urbano;2;2
1179678;2012-10-03;Quarta;15:20:00;SP;116;144.2;SAO JOSE DOS CAMPOS;Outras;Colisão lateral;Sem Vítimas;Pleno dia;Crescente;Sol;Simples;Reta;Urbano;2;2
1179692;2012-10-04;Quinta;08:05:00;SP;116;225.1;GUARULHOS;Falta de atenção;Colisão traseira;Sem Vítimas;Pleno dia;Crescente;Ceu Claro;Múltipla;Reta;Urbano;3;3
1179701;2012-10-04;Quinta;12:15:00;SP;116;224.7;GUARULHOS;Falta de atenção;Colisão lateral;Sem Vítimas;Pleno dia;Crescente;Sol;Múltipla;Reta;Urbano;2;2
1179860;2012-10-04;Quinta;15:05:00;SP;116;123.9;CACAPAVA;Falta de atenção;Colisão traseira;Com Vítimas Feridas;Pleno dia;Crescente;Sol;Dupla;Reta;Rural;3;2
1179881;2012-10-04;Quinta;20:00:00;SP;116;213.0;GUARULHOS;Outras;Colisão lateral;Sem Vítimas;Plena noite;Decrescente;Ceu Claro;Múltipla;Reta;Urbano;2;2
1179920;2012-10-04;Quinta;18:17:00;SP;116;190.9;SANTA ISABEL;Outras;Colisão com objeto móvel;Sem Vítimas;Plena noite;Decrescente;Chuva;Dupla;Curva;Rural;3;2
1180006;2012-10-04;Quinta;20:30:00;SP;116;180.3;GUARAREMA;Outras;Atropelamento de pessoa;Com Vítimas Fatais;Plena noite;Crescente;Chuva;Dupla;Reta;Rural;2;1
1180038;2012-10-05;Sexta;06:10:00;SP;116;222.9;GUARULHOS;Falta de atenção;Colisão com objeto fixo;Sem Vítimas;Amanhecer;Decrescente;Ceu Claro;Múltipla;Reta;Urbano;2;2
1180126;2012-10-05;Sexta;07:59:00;SP;116;113.0;TAUBATE;Falta de atenção;Colisão traseira;Sem Vítimas;Pleno dia;Crescente;Ceu Claro;Dupla;Reta;Urbano;2;2
1180188;2012-09-30;Domingo;05:40:00;SP;116;219.0;GUARULHOS;Outras;Colisão com objeto fixo;Com Vítimas Feridas;Amanhecer;Crescente;Ceu Claro;Múltipla;Reta;Urbano;1;1
1180189;2012-10-02;Terça;17:40:00;SP;116;124.8;CACAPAVA;Falta de atenção;Colisão traseira;Sem Vítimas;Anoitecer;Crescente;Ceu Claro;Simples;Reta;Rural;2;2
1180207;2012-09-30;Domingo;07:00:00;SP;116;208.0;GUARULHOS;Falta de atenção;Colisão lateral;Sem Vítimas;Pleno dia;Decrescente;Sol;Múltipla;Reta;Urbano;2;2
1180243;2012-10-02;Terça;08:30:00;SP;116;159.5;JACAREI;Falta de atenção;Colisão lateral;Com Vítimas Feridas;Pleno dia;Crescente;Ceu Claro;Dupla;Reta;Urbano;3;2
1180259;2012-10-05;Sexta;15:10:00;SP;116;118.5;TAUBATE;Outras;Colisão lateral;Sem Vítimas;Pleno dia;Crescente;Nublado;Dupla;Reta;Rural;2;2
1180293;2012-10-01;Segunda;13:40:00;SP;116;109.0;TAUBATE;Outras;Danos Eventuais;Sem Vítimas;Pleno dia;Decrescente;Ceu Claro;Dupla;Reta;Urbano;1;1
1180306;2012-10-01;Segunda;15:20:00;SP;116;112.0;TAUBATE;Falta de atenção;Colisão traseira;Com Vítimas Feridas;Pleno dia;Decrescente;Ceu Claro;Dupla;Reta;Urbano;2;2
1180323;2012-10-05;Sexta;16:55:00;SP;116;139.9;SAO JOSE DOS CAMPOS;Falta de atenção;Colisão traseira;Sem Vítimas;Pleno dia;Decrescente;Chuva;Dupla;Reta;Urbano;3;3
1180371;2012-09-27;Quinta;07:00:00;SP;116;211.0;GUARULHOS;Ultrapassagem indevida;Queda de motocicleta / bicicleta / veículo;Com Vítimas Feridas;Pleno dia;Crescente;Nublado;Simples;Reta;Urbano;1;1
1180387;2012-10-05;Sexta;19:30:00;SP;116;122.6;CACAPAVA;Outras;Saída de Pista;Sem Vítimas;Plena noite;Decrescente;Chuva;Dupla;Reta;Rural;1;1
1180442;2012-10-04;Quinta;08:30:00;SP;116;168.0;JACAREI;Falta de atenção;Colisão lateral;Com Vítimas Feridas;Pleno dia;Crescente;Ceu Claro;Simples;Reta;Urbano;2;2
1180467;2012-10-05;Sexta;19:17:00;SP;116;155.0;SAO JOSE DOS CAMPOS;Velocidade incompatível;Colisão traseira;Sem Vítimas;Plena noite;Crescente;Chuva;Dupla;Reta;Urbano;2;2
1180487;2012-09-25;Terça;10:45:00;SP;116;229.0;GUARULHOS;Falta de atenção;Colisão traseira;Com Vítimas Feridas;Pleno dia;Crescente;Ceu Claro;Múltipla;Reta;Urbano;2;2
1180489;2012-10-05;Sexta;19:17:00;SP;116;155.0;SAO JOSE DOS CAMPOS;Velocidade incompatível;Colisão traseira;Sem Vítimas;Plena noite;Crescente;Chuva;Dupla;Reta;Urbano;3;3
1180544;2012-10-05;Sexta;23:25:00;SP;116;149.5;SAO JOSE DOS CAMPOS;Outras;Colisão com objeto fixo;Sem Vítimas;Plena noite;Decrescente;Chuva;Dupla;Reta;Urbano;2;2
1180566;2012-10-05;Sexta;19:40:00;SP;116;155.0;SAO JOSE DOS CAMPOS;Velocidade incompatível;Colisão traseira;Sem Vítimas;Plena noite;Crescente;Chuva;Múltipla;Reta;Urbano;3;3
1180573;2012-10-05;Sexta;20:12:00;SP;116;190.0;SANTA ISABEL;Velocidade incompatível;Tombamento;Com Vítimas Feridas;Plena noite;Crescente;Chuva;Dupla;Reta;Rural;1;1
1180587;2012-10-01;Segunda;14:05:00;SP;116;180.0;GUARAREMA;Dormindo;Tombamento;Sem Vítimas;Pleno dia;Decrescente;Ceu Claro;Dupla;Reta;Rural;1;1
1180620;2012-10-01;Segunda;17:30:00;SP;116;148.0;SAO JOSE DOS CAMPOS;Defeito mecânico em veículo;Atropelamento de pessoa;Com Vítimas Feridas;Anoitecer;Decrescente;Ceu Claro;Dupla;Reta;Urbano;2;1
1180658;2012-10-06;Sábado;08:40:00;SP;116;126.0;CACAPAVA;Falta de atenção;Colisão lateral;Sem Vítimas;Pleno dia;Decrescente;Ceu Claro;Dupla;Reta;Urbano;2;2
1180669;2012-10-01;Segunda;18:04:00;SP;116;149.0;SAO JOSE DOS CAMPOS;Falta de atenção;Colisão traseira;Sem Vítimas;Anoitecer;Decrescente;Ceu Claro;Dupla;Reta;Urbano;2;2
1180676;2012-10-06;Sábado;09:05:00;SP;116;226.7;GUARULHOS;Não guardar distância de segurança;Queda de motocicleta / bicicleta / veículo;Com Vítimas Feridas;Pleno dia;Crescente;Nublado;Múltipla;Reta;Urbano;1;1
1180707;2012-10-01;Segunda;09:30:00;SP;116;144.0;SAO JOSE DOS CAMPOS;Falta de atenção;Colisão lateral;Sem Vítimas;Pleno dia;Decrescente;Ceu Claro;Dupla;Reta;Rural;2;2
1180733;2012-10-03;Quarta;06:20:00;SP;116;212.0;GUARULHOS;Não guardar distância de segurança;Colisão lateral;Com Vítimas Feridas;Amanhecer;Crescente;Sol;Múltipla;Reta;Urbano;3;2
1180768;2012-10-06;Sábado;10:45:00;SP;116;202.0;ARUJA;Falta de atenção;Colisão lateral;Sem Vítimas;Pleno dia;Decrescente;Nublado;Dupla;Reta;Urbano;2;2
1180769;2012-10-03;Quarta;00:15:00;SP;116;112.0;TAUBATE;Defeito na via;Colisão com objeto fixo;Sem Vítimas;Plena noite;Decrescente;Ceu Claro;Dupla;Reta;Urbano;1;1
1180778;2012-10-06;Sábado;11:10:00;SP;116;108.7;TAUBATE;Outras;Colisão traseira;Com Vítimas Feridas;Pleno dia;Crescente;Sol;Dupla;Reta;Urbano;3;2
1180812;2012-10-06;Sábado;13:00:00;SP;116;110.0;TAUBATE;Ingestão de álcool;Colisão traseira;Com Vítimas Feridas;Pleno dia;Decrescente;Sol;Dupla;Reta;Urbano;2;2
1180848;2012-10-06;Sábado;17:30:00;SP;116;158.0;JACAREI;Velocidade incompatível;Colisão com objeto fixo;Sem Vítimas;Anoitecer;Decrescente;Ceu Claro;Dupla;Reta;Urbano;1;1
1180875;2012-10-02;Terça;20:00:00;SP;116;227.0;SAO PAULO;Falta de atenção;Colisão traseira;Sem Vítimas;Plena noite;Decrescente;Nublado;Múltipla;Curva;Urbano;3;3
1180969;2012-10-06;Sábado;22:50:00;SP;116;145.6;SAO JOSE DOS CAMPOS;Falta de atenção;Capotamento;Com Vítimas Feridas;Plena noite;Decrescente;Ceu Claro;Simples;Reta;Urbano;3;2
1180974;2012-10-05;Sexta;22:50:00;SP;116;223.0;GUARULHOS;Ingestão de álcool;Saída de Pista;Sem Vítimas;Plena noite;Crescente;Chuva;Múltipla;Reta;Urbano;1;1
1180979;2012-10-05;Sexta;20:10:00;SP;116;207.0;GUARULHOS;Outras;Colisão traseira;Com Vítimas Feridas;Plena noite;Crescente;Chuva;Dupla;Reta;Urbano;4;3
1181076;2012-10-07;Domingo;01:00:00;SP;116;215.0;GUARULHOS;Outras;Atropelamento de pessoa;Com Vítimas Feridas;Plena noite;Crescente;Ceu Claro;Múltipla;Reta;Urbano;2;1
1181144;2012-08-31;Sexta;22:30:00;SP;116;227.0;GUARULHOS;Falta de atenção;Colisão traseira;Com Vítimas Feridas;Plena noite;Crescente;Ceu Claro;Múltipla;Reta;Urbano;3;2
1181147;2012-10-07;Domingo;09:50:00;SP;116;220.0;GUARULHOS;Outras;Colisão traseira;Sem Vítimas;Pleno dia;Decrescente;Ceu Claro;Dupla;Reta;Urbano;2;2
1181158;2012-10-02;Terça;19:30:00;SP;116;225.0;GUARULHOS;Falta de atenção;Colisão traseira;Sem Vítimas;Plena noite;Decrescente;Ceu Claro;Múltipla;Reta;Urbano;2;2
1181162;2012-10-07;Domingo;00:10:00;SP;116;217.0;GUARULHOS;Falta de atenção;Colisão traseira;Com Vítimas Feridas;Plena noite;Crescente;Ceu Claro;Múltipla;Reta;Urbano;2;2
1181200;2012-09-29;Sábado;20:30:00;SP;116;143.5;SAO JOSE DOS CAMPOS;Outras;Colisão lateral;Sem Vítimas;Plena noite;Crescente;Ceu Claro;Dupla;Reta;Rural;2;2
1181230;2012-09-25;Terça;23:50:00;SP;116;225.2;GUARULHOS;Outras;Colisão lateral;Sem Vítimas;Plena noite;Crescente;Chuva;Múltipla;Reta;Urbano;3;3
1181259;2012-10-07;Domingo;10:45:00;SP;116;215.0;GUARULHOS;Outras;Colisão com objeto fixo;Sem Vítimas;Pleno dia;Crescente;Ceu Claro;Múltipla;Reta;Urbano;1;1
1181289;2012-10-07;Domingo;06:40:00;SP;116;214.0;GUARULHOS;Outras;Capotamento;Sem Vítimas;Amanhecer;Decrescente;Sol;Múltipla;Reta;Urbano;1;1
1181293;2012-09-04;Terça;10:05:00;SP;116;210.7;GUARULHOS;Não guardar distância de segurança;Colisão traseira;Sem Vítimas;Pleno dia;Crescente;Ceu Claro;Múltipla;Reta;Urbano;2;2
1181300;2012-10-07;Domingo;09:15:00;SP;116;143.5;SAO JOSE DOS CAMPOS;Ingestão de álcool;Colisão com objeto fixo;Sem Vítimas;Pleno dia;Decrescente;Sol;Dupla;Reta;Urbano;1;1
1181336;2012-10-02;Terça;18:17:00;SP;116;147.0;SAO JOSE DOS CAMPOS;Outras;Colisão Transversal;Sem Vítimas;Anoitecer;Crescente;Ceu Claro;Simples;Reta;Urbano;2;2
1181361;2012-10-03;Quarta;00:22:00;SP;116;153.0;SAO JOSE DOS CAMPOS;Não guardar distância de segurança;Colisão traseira;Sem Vítimas;Plena noite;Crescente;Ceu Claro;Dupla;Reta;Rural;2;2
1181369;2012-10-02;Terça;10:30:00;SP;116;157.0;SAO JOSE DOS CAMPOS;Falta de atenção;Colisão lateral;Sem Vítimas;Pleno dia;Decrescente;Ceu Claro;Simples;Reta;Urbano;2;2
1181371;2012-10-07;Domingo;20:40:00;SP;116;223.0;GUARULHOS;Outras;Colisão lateral;Sem Vítimas;Plena noite;Decrescente;Ceu Claro;Múltipla;Reta;Urbano;2;2
1181404;2012-10-07;Domingo;18:40:00;SP;116;209.0;GUARULHOS;Outras;Capotamento;Com Vítimas Feridas;Plena noite;Crescente;Ceu Claro;Múltipla;Reta;Urbano;2;1
1181458;2012-10-07;Domingo;22:30:00;SP;116;136.0;SAO JOSE DOS CAMPOS;Outras;Colisão com objeto fixo;Sem Vítimas;Plena noite;Decrescente;Ceu Claro;Dupla;Reta;Rural;1;1
1181576;2012-10-06;Sábado;03:30:00;SP;116;139.5;SAO JOSE DOS CAMPOS;Outras;Colisão com objeto fixo;Com Vítimas Feridas;Amanhecer;Decrescente;Ceu Claro;Dupla;Reta;Urbano;2;1
1181606;2012-10-04;Quinta;23:00:00;SP;116;162.0;JACAREI;Falta de atenção;Saída de Pista;Sem Vítimas;Plena noite;Decrescente;Nublado;Simples;Reta;Rural;1;1
1181634;2012-10-07;Domingo;17:10:00;SP;116;154.7;SAO JOSE DOS CAMPOS;Falta de atenção;Colisão traseira;Sem Vítimas;Pleno dia;Decrescente;Sol;Múltipla;Reta;Urbano;3;3
1181708;2012-10-08;Segunda;07:45:00;SP;116;136.5;SAO JOSE DOS CAMPOS;Não guardar distância de segurança;Colisão traseira;Sem Vítimas;Pleno dia;Decrescente;Ceu Claro;Dupla;Reta;Rural;2;2
1181780;2012-10-08;Segunda;07:30:00;SP;116;136.0;SAO JOSE DOS CAMPOS;Falta de atenção;Colisão lateral;Sem Vítimas;Pleno dia;Decrescente;Sol;Dupla;Reta;Urbano;2;2
1181790;2012-10-08;Segunda;11:40:00;SP;116;123.7;CACAPAVA;Outras;Colisão com objeto fixo;Sem Vítimas;Pleno dia;Crescente;Sol;Dupla;Reta;Rural;1;1
1181875;2012-10-08;Segunda;15:00:00;SP;116;225.0;GUARULHOS;Outras;Colisão lateral;Sem Vítimas;Pleno dia;Crescente;Ceu Claro;Múltipla;Reta;Urbano;2;2
1181892;2012-10-05;Sexta;23:00:00;SP;116;216.0;GUARULHOS;Falta de atenção;Colisão lateral;Com Vítimas Feridas;Plena noite;Crescente;Chuva;Múltipla;Reta;Urbano;2;2
1181901;2012-10-08;Segunda;11:05:00;SP;116;140.0;SAO JOSE DOS CAMPOS;Outras;Capotamento;Sem Vítimas;Pleno dia;Crescente;Sol;Dupla;Reta;Urbano;1;1
1181914;2012-10-05;Sexta;23:00:00;SP;116;206.0;GUARULHOS;Outras;Saída de Pista;Sem Vítimas;Plena noite;Crescente;Chuva;Dupla;Reta;Urbano;1;1
1181986;2012-06-14;Quinta;18:40:00;SP;116;229.0;GUARULHOS;Defeito mecânico em veículo;Colisão traseira;Sem Vítimas;Plena noite;Crescente;Ceu Claro;Múltipla;Reta;Urbano;3;2
1182091;2012-10-06;Sábado;06:00:00;SP;116;112.0;TAUBATE;Falta de atenção;Colisão traseira;Sem Vítimas;Amanhecer;Decrescente;Ceu Claro;Dupla;Reta;Urbano;3;3
1182096;2012-10-09;Terça;06:40:00;SP;116;160.3;JACAREI;Falta de atenção;Colisão lateral;Sem Vítimas;Pleno dia;Crescente;Ceu Claro;Dupla;Reta;Urbano;2;2
1182103;2012-10-04;Quinta;18:45:00;SP;116;182.0;SANTA ISABEL;Não guardar distância de segurança;Colisão traseira;Sem Vítimas;Plena noite;Decrescente;Ceu Claro;Múltipla;Reta;Rural;2;2
1182137;2012-10-06;Sábado;05:10:00;SP;116;117.3;TAUBATE;Outras;Colisão traseira;Com Vítimas Feridas;Amanhecer;Decrescente;Nublado;Dupla;Reta;Urbano;2;2
1182148;2012-10-08;Segunda;15:50:00;SP;116;161.3;JACAREI;Não guardar distância de segurança;Colisão traseira;Sem Vítimas;Pleno dia;Decrescente;Ceu Claro;Dupla;Reta;Rural;2;2
1182181;2012-07-21;Sábado;14:40:00;SP;116;150.5;SAO JOSE DOS CAMPOS;Defeito na via;Queda de motocicleta / bicicleta / veículo;Com Vítimas Feridas;Pleno dia;Crescente;Ceu Claro;Simples;Reta;Urbano;2;2
1182222;2012-10-05;Sexta;13:00:00;SP;116;214.0;GUARULHOS;Outras;Colisão com objeto fixo;Com Vítimas Feridas;Pleno dia;Decrescente;Ceu Claro;Múltipla;Reta;Urbano;3;1
1182372;2012-10-04;Quinta;17:10:00;SP;116;169.0;JACAREI;Outras;Queda de motocicleta / bicicleta / veículo;Com Vítimas Feridas;Pleno dia;Decrescente;Nublado;Dupla;Reta;Urbano;1;1
1182382;2012-09-28;Sexta;09:30:00;SP;116;207.0;GUARULHOS;Outras;Colisão com objeto fixo;Sem Vítimas;Pleno dia;Crescente;Ceu Claro;Múltipla;Reta;Urbano;3;3
1182393;2012-10-01;Segunda;08:00:00;SP;116;220.0;GUARULHOS;Falta de atenção;Colisão lateral;Com Vítimas Feridas;Pleno dia;Crescente;Ceu Claro;Múltipla;Reta;Urbano;2;2
1182406;2012-09-28;Sexta;14:20:00;SP;116;228.0;SAO PAULO;Falta de atenção;Colisão traseira;Com Vítimas Feridas;Pleno dia;Decrescente;Ceu Claro;Múltipla;Reta;Urbano;2;2
1182427;2012-10-06;Sábado;08:30:00;SP;116;204.0;ARUJA;Outras;Queda de motocicleta / bicicleta / veículo;Com Vítimas Feridas;Pleno dia;Crescente;Ceu Claro;Múltipla;Reta;Rural;1;1
1182506;2012-10-08;Segunda;14:15:00;SP;116;176.9;GUARAREMA;Outras;Colisão traseira;Com Vítimas Fatais;Pleno dia;Decrescente;Sol;Dupla;Reta;Rural;5;2
1182615;2012-10-09;Terça;19:05:00;SP;116;155.0;SAO JOSE DOS CAMPOS;Não guardar distância de segurança;Colisão traseira;Sem Vítimas;Anoitecer;Crescente;Ceu Claro;Múltipla;Reta;Urbano;2;2
1182732;2012-09-30;Domingo;08:40:00;SP;116;215.0;GUARULHOS;Falta de atenção;Colisão lateral;Sem Vítimas;Pleno dia;Crescente;Ceu Claro;Múltipla;Reta;Urbano;2;2
1182793;2012-10-10;Quarta;08:30:00;SP;116;210.0;GUARULHOS;Não guardar distância de segurança;Colisão lateral;Com Vítimas Feridas;Pleno dia;Crescente;Ceu Claro;Múltipla;Reta;Urbano;2;2
1182871;2012-10-08;Segunda;00:20:00;SP;116;220.0;GUARULHOS;Outras;Colisão traseira;Com Vítimas Feridas;Plena noite;Crescente;Chuva;Múltipla;Reta;Urbano;3;2
1182978;2012-10-05;Sexta;08:08:00;SP;116;157.0;SAO JOSE DOS CAMPOS;Não guardar distância de segurança;Colisão traseira;Sem Vítimas;Pleno dia;Decrescente;Ceu Claro;Dupla;Reta;Urbano;3;3
1183034;2012-10-10;Quarta;12:15:00;SP;116;229.0;SAO PAULO;Falta de atenção;Colisão lateral;Sem Vítimas;Pleno dia;Crescente;Ceu Claro;Múltipla;Reta;Urbano;2;2
1183035;2012-10-05;Sexta;19:00:00;SP;116;157.0;SAO JOSE DOS CAMPOS;Não guardar distância de segurança;Colisão traseira;Sem Vítimas;Anoitecer;Decrescente;Chuva;Dupla;Reta;Urbano;2;2
1183044;2012-10-07;Domingo;00:01:00;SP;116;223.0;GUARULHOS;Falta de atenção;Queda de motocicleta / bicicleta / veículo;Com Vítimas Feridas;Plena noite;Decrescente;Ceu Claro;Simples;Reta;Urbano;1;1
1183056;2012-10-10;Quarta;07:50:00;SP;116;224.0;GUARULHOS;Falta de atenção;Colisão traseira;Sem Vítimas;Pleno dia;Crescente;Ceu Claro;Múltipla;Reta;Urbano;3;3
1183065;2012-10-10;Quarta;17:00:00;SP;116;143.0;SAO JOSE DOS CAMPOS;Falta de atenção;Colisão traseira;Sem Vítimas;Pleno dia;Decrescente;Sol;Dupla;Reta;Urbano;2;2
1183068;2012-10-10;Quarta;14:30:00;SP;116;220.0;GUARULHOS;Não guardar distância de segurança;Colisão lateral;Sem Vítimas;Pleno dia;Decrescente;Ceu Claro;Múltipla;Reta;Urbano;2;2
1183073;2012-10-10;Quarta;17:00:00;SP;116;143.2;SAO JOSE DOS CAMPOS;Outras;Colisão traseira;Sem Vítimas;Pleno dia;Decrescente;Nublado;Dupla;Reta;Urbano;2;2
1183168;2012-10-05;Sexta;20:00:00;SP;116;165.0;JACAREI;Falta de atenção;Colisão lateral;Sem Vítimas;Plena noite;Crescente;Chuva;Múltipla;Reta;Urbano;2;2
1183255;2012-10-10;Quarta;20:00:00;SP;116;229.0;SAO PAULO;Falta de atenção;Colisão lateral;Sem Vítimas;Plena noite;Crescente;Ceu Claro;Múltipla;Reta;Urbano;3;3
1183259;2012-09-30;Domingo;06:30:00;SP;116;225.2;GUARULHOS;Falta de atenção;Colisão lateral;Sem Vítimas;Amanhecer;Decrescente;Ceu Claro;Múltipla;Reta;Urbano;2;2
1183340;2012-10-08;Segunda;18:15:00;SP;116;211.0;GUARULHOS;Falta de atenção;Colisão com objeto móvel;Sem Vítimas;Anoitecer;Crescente;Nublado;Simples;Reta;Urbano;1;1
1183341;2012-10-07;Domingo;04:30:00;SP;116;220.0;GUARULHOS;Dormindo;Saída de Pista;Sem Vítimas;Amanhecer;Decrescente;Ceu Claro;Múltipla;Reta;Urbano;1;1
1183459;2012-10-11;Quinta;07:20:00;SP;116;137.1;SAO JOSE DOS CAMPOS;Outras;Colisão com objeto fixo;Sem Vítimas;Pleno dia;Decrescente;Ceu Claro;Dupla;Reta;Rural;1;1
1183763;2012-10-10;Quarta;11:00:00;SP;116;228.0;SAO PAULO;Falta de atenção;Colisão lateral;Com Vítimas Feridas;Pleno dia;Crescente;Sol;Múltipla;Reta;Urbano;2;2
1183765;2012-10-11;Quinta;19:25:00;SP;116;103.9;TAUBATE;Outras;Colisão traseira;Sem Vítimas;Plena noite;Crescente;Chuva;Dupla;Reta;Urbano;2;2
1183796;2012-10-07;Domingo;20:20:00;SP;116;168.0;JACAREI;Animais na Pista;Atropelamento de animal;Sem Vítimas;Plena noite;Crescente;Ceu Claro;Dupla;Reta;Rural;3;3
1183804;2012-10-11;Quinta;16:00:00;SP;116;127.0;CACAPAVA;Outras;Danos Eventuais;Sem Vítimas;Pleno dia;Crescente;Chuva;Dupla;Curva;Urbano;1;1
1183810;2012-10-11;Quinta;12:30:00;SP;116;182.0;GUARAREMA;Não guardar distância de segurança;Colisão traseira;Sem Vítimas;Pleno dia;Decrescente;Nublado;Múltipla;Reta;Rural;2;2
1183934;2012-10-11;Quinta;20:30:00;SP;116;219.0;GUARULHOS;Não guardar distância de segurança;Colisão traseira;Sem Vítimas;Plena noite;Decrescente;Chuva;Múltipla;Reta;Urbano;3;3
1183955;2012-10-11;Quinta;07:50:00;SP;116;195.0;ARUJA;Defeito mecânico em veículo;Colisão lateral;Sem Vítimas;Pleno dia;Crescente;Sol;Dupla;Reta;Urbano;2;2
1183975;2012-10-12;Sexta;04:00:00;SP;116;214.0;GUARULHOS;Outras;Tombamento;Com Vítimas Feridas;Amanhecer;Crescente;Ceu Claro;Múltipla;Reta;Urbano;2;1
1184014;2012-10-08;Segunda;21:20:00;SP;116;148.0;SAO JOSE DOS CAMPOS;Outras;Atropelamento de pessoa;Com Vítimas Fatais;Plena noite;Crescente;Ceu Claro;Dupla;Reta;Urbano;2;1
1184114;2012-10-05;Sexta;19:40:00;SP;116;228.0;SAO PAULO;Outras;Queda de motocicleta / bicicleta / veículo;Com Vítimas Fatais;Plena noite;Decrescente;Chuva;Múltipla;Reta;Urbano;1;1
1184139;2012-10-08;Segunda;07:40:00;SP;116;143.5;SAO JOSE DOS CAMPOS;Não guardar distância de segurança;Colisão traseira;Com Vítimas Feridas;Pleno dia;Crescente;Sol;Dupla;Reta;Urbano;4;3
1184156;2012-10-09;Terça;10:25:00;SP;116;216.0;GUARULHOS;Outras;Queda de motocicleta / bicicleta / veículo;Com Vítimas Feridas;Pleno dia;Crescente;Sol;Múltipla;Reta;Urbano;1;1
1184177;2012-10-08;Segunda;08:10:00;SP;116;142.0;SAO JOSE DOS CAMPOS;Outras;Queda de motocicleta / bicicleta / veículo;Com Vítimas Feridas;Pleno dia;Crescente;Ceu Claro;Múltipla;Reta;Urbano;1;1
1184183;2012-10-11;Quinta;17:00:00;SP;116;147.0;SAO JOSE DOS CAMPOS;Outras;Saída de Pista;Sem Vítimas;Anoitecer;Decrescente;Chuva;Múltipla;Curva;Urbano;1;1
1184187;2012-10-08;Segunda;17:35:00;SP;116;158.0;JACAREI;Falta de atenção;Colisão lateral;Sem Vítimas;Pleno dia;Decrescente;Ceu Claro;Dupla;Reta;Urbano;2;2
1184213;2012-10-12;Sexta;06:40:00;SP;116;191.0;SANTA ISABEL;Velocidade incompatível;Saída de Pista;Com Vítimas Feridas;Pleno dia;Decrescente;Chuva;Dupla;Curva;Rural;1;1
1184241;2012-10-04;Quinta;18:50:00;SP;116;221.0;GUARULHOS;Outras;Colisão traseira;Sem Vítimas;Plena noite;Decrescente;Ceu Claro;Múltipla;Reta;Urbano;2;2
1184326;2012-10-12;Sexta;08:35:00;SP;116;125.1;CACAPAVA;Não guardar distância de segurança;Colisão traseira;Sem Vítimas;Pleno dia;Decrescente;Nublado;Dupla;Reta;Rural;2;2
1184327;2012-10-12;Sexta;16:00:00;SP;116;204.0;ARUJA;Falta de atenção;Colisão lateral;Sem Vítimas;Pleno dia;Decrescente;Chuva;Dupla;Reta;Urbano;2;2
1184328;2012-10-10;Quarta;22:30:00;SP;116;179.0;GUARAREMA;Falta de atenção;Colisão com objeto fixo;Sem Vítimas;Plena noite;Crescente;Ceu Claro;Simples;Reta;Urbano;1;1
1184343;2012-10-12;Sexta;07:00:00;SP;116;139.2;SAO JOSE DOS CAMPOS;Não guardar distância de segurança;Colisão traseira;Com Vítimas Feridas;Pleno dia;Decrescente;Nublado;Dupla;Reta;Urbano;4;4
1184375;2012-10-12;Sexta;18:50:00;SP;116;216.0;GUARULHOS;Falta de atenção;Colisão traseira;Sem Vítimas;Plena noite;Crescente;Chuva;Múltipla;Reta;Urbano;3;3