id;data_inversa;dia_semana;horario;uf;br;km;municipio;causa_acidente;tipo_acidente;classificacao_acidente;fase_dia;sentido_via;condicao_metereologica;tipo_pista;tracado_via;uso_solo;pessoas;veiculos
1200801;2012-11-10;Sábado;04:00:00;SP;116;161.0;JACAREI;Velocidade incompatível;Colisão com objeto fixo;Com Vítimas Feridas;Plena noite;Crescente;Nublado;Simples;Curva;Urbano;2;1
1200830;2012-11-05;Segunda;03:50:00;SP;116;213.0;GUARULHOS;Outras;Capotamento;Com Vítimas Feridas;Plena noite;Crescente;Ceu Claro;Dupla;Reta;Urbano;1;1
1200833;2012-11-06;Terça;18:20:00;SP;116;147.7;SAO JOSE DOS CAMPOS;Outras;Colisão traseira;Sem Vítimas;Anoitecer;Crescente;Ceu Claro;Múltipla;Reta;Urbano;2;2
1200942;2012-11-11;Domingo;09:15:00;SP;116;144.6;SAO JOSE DOS CAMPOS;Falta de atenção;Colisão com objeto fixo;Sem Vítimas;Pleno dia;Decrescente;Ceu Claro;Dupla;Reta;Rural;1;1
1200954;2012-11-11;Domingo;08:15:00;SP;116;229.6;SAO PAULO;Ingestão de álcool;Colisão com objeto fixo;Sem Vítimas;Pleno dia;Decrescente;Sol;Múltipla;Reta;Urbano;1;1
1200975;2012-11-09;Sexta;13:50:00;SP;116;107.3;TAUBATE;Outras;Colisão lateral;Sem Vítimas;Pleno dia;Decrescente;Chuva;Dupla;Reta;Urbano;2;2
1200981;2012-11-13;Terça;04:00:00;SP;116;183.3;SANTA ISABEL;Dormindo;Capotamento;Com Vítimas Feridas;Plena noite;Crescente;Nublado;Dupla;Reta;Rural;3;2
1201029;2012-11-12;Segunda;07:42:00;SP;116;156.8;SAO JOSE DOS CAMPOS;Falta de atenção;Colisão traseira;Sem Vítimas;Amanhecer;Decrescente;Chuva;Múltipla;Reta;Urbano;3;3
1201059;2012-11-13;Terça;16:30:00;SP;116;229.0;SAO PAULO;Outras;Colisão lateral;Sem Vítimas;Pleno dia;Crescente;Chuva;Múltipla;Reta;Urbano;2;2
1201196;2012-11-13;Terça;18:10:00;SP;116;167.0;JACAREI;Falta de atenção;Colisão com objeto fixo;Sem Vítimas;Pleno dia;Decrescente;Nublado;Dupla;Reta;Urbano;1;1
1201319;2012-11-14;Quarta;09:30:00;SP;116;112.5;TAUBATE;Falta de atenção;Colisão traseira;Com Vítimas Feridas;Pleno dia;Crescente;Nublado;Dupla;Reta;Urbano;2;2
1201449;2012-11-07;Quarta;20:10:00;SP;116;130.0;CACAPAVA;Falta de atenção;Colisão lateral;Sem Vítimas;Plena noite;Decrescente;Ceu Claro;Dupla;Reta;Urbano;2;2
1201595;2012-11-08;Quinta;13:25:00;SP;116;132.0;CACAPAVA;Outras;Colisão traseira;Sem Vítimas;Pleno dia;Crescente;Nublado;Dupla;Reta;Urbano;2;2
1201675;2012-11-11;Domingo;19:06:00;SP;116;204.0;ARUJA;Falta de atenção;Colisão com objeto fixo;Sem Vítimas;Anoitecer;Crescente;Nublado;Múltipla;Reta;Urbano;1;1
1201801;2012-11-15;Quinta;08:10:00;SP;116;114.9;TAUBATE;Falta de atenção;Colisão traseira;Com Vítimas Feridas;Pleno dia;Decrescente;Nublado;Dupla;Reta;Urbano;4;3
1201810;2012-11-12;Segunda;06:00:00;SP;116;209.5;GUARULHOS;Ultrapassagem indevida;Colisão lateral;Com Vítimas Feridas;Amanhecer;Crescente;Ceu Claro;Dupla;Reta;Urbano;2;2
1201860;2012-11-09;Sexta;07:05:00;SP;116;108.1;TAUBATE;Outras;Colisão traseira;Sem Vítimas;Pleno dia;Crescente;Nublado;Dupla;Reta;Urbano;2;2
1201990;2012-11-11;Domingo;16:55:00;SP;116;128.0;CACAPAVA;Outras;Colisão traseira;Sem Vítimas;Pleno dia;Crescente;Sol;Dupla;Reta;Urbano;3;3
1202013;2012-11-11;Domingo;17:14:00;SP;116;123.8;CACAPAVA;Outras;Colisão traseira;Sem Vítimas;Pleno dia;Crescente;Nublado;Dupla;Reta;Rural;4;4
1202023;2012-11-13;Terça;05:30:00;SP;116;153.8;SAO JOSE DOS CAMPOS;Não guardar distância de segurança;Colisão traseira;Com Vítimas Feridas;Plena noite;Crescente;Nublado;Dupla;Reta;Urbano;3;2
1202058;2012-11-07;Quarta;16:20:00;SP;116;186.0;SANTA ISABEL;Outras;Tombamento;Sem Vítimas;Pleno dia;Crescente;Chuva;Simples;Curva;Urbano;1;1
1202078;2012-11-15;Quinta;07:35:00;SP;116;216.3;GUARULHOS;Falta de atenção;Colisão lateral;Com Vítimas Feridas;Pleno dia;Crescente;Nublado;Múltipla;Reta;Urbano;2;2
1202088;2012-11-15;Quinta;07:37:00;SP;116;174.5;JACAREI;Falta de atenção;Colisão traseira;Sem Vítimas;Pleno dia;Decrescente;Nublado;Simples;Reta;Urbano;2;2
1202207;2012-11-10;Sábado;11:15:00;SP;116;165.0;JACAREI;Não guardar distância de segurança;Colisão traseira;Sem Vítimas;Pleno dia;Crescente;Sol;Dupla;Reta;Urbano;2;2
1202258;2012-11-11;Domingo;23:00:00;SP;116;184.0;SANTA ISABEL;Velocidade incompatível;Capotamento;Com Vítimas Feridas;Plena noite;Decrescente;Chuva;Múltipla;Reta;Urbano;2;1
1202271;2012-11-10;Sábado;15:40:00;SP;116;143.5;SAO JOSE DOS CAMPOS;Outras;Derramamento de Carga;Sem Vítimas;Pleno dia;Crescente;Nublado;Dupla;Reta;Urbano;1;1
1202423;2012-11-15;Quinta;07:45:00;SP;116;118.8;TAUBATE;Falta de atenção;Colisão traseira;Sem Vítimas;Pleno dia;Decrescente;Nublado;Dupla;Reta;Rural;3;3
1202429;2012-11-08;Quinta;18:29:00;SP;116;173.0;JACAREI;Outras;Colisão traseira;Com Vítimas Feridas;Plena noite;Crescente;Chuva;Dupla;Reta;Urbano;2;2
1202465;2012-11-14;Quarta;14:00:00;SP;116;119.0;TAUBATE;Falta de atenção;Colisão lateral;Sem Vítimas;Pleno dia;Crescente;Nublado;Dupla;Reta;Rural;2;2
1202530;2012-11-16;Sexta;12:15:00;SP;116;153.0;SAO JOSE DOS CAMPOS;Falta de atenção;Colisão traseira;Com Vítimas Feridas;Pleno dia;Decrescente;Ceu Claro;Dupla;Reta;Rural;3;2
1202539;2012-11-12;Segunda;05:30:00;SP;116;219.0;GUARULHOS;Outras;Atropelamento de pessoa;Com Vítimas Feridas;Amanhecer;Crescente;Chuva;Múltipla;Curva;Urbano;3;1
1202547;2012-11-14;Quarta;18:35:00;SP;116;126.6;CACAPAVA;Falta de atenção;Colisão traseira;Sem Vítimas;Anoitecer;Decrescente;Nublado;Dupla;Reta;Urbano;2;2
1202562;2012-11-16;Sexta;12:00:00;SP;116;217.4;GUARULHOS;Falta de atenção;Colisão lateral;Sem Vítimas;Pleno dia;Decrescente;Ceu Claro;Múltipla;Reta;Urbano;3;2
1202600;2012-11-16;Sexta;01:10:00;SP;116;215.0;GUARULHOS;Outras;Colisão com objeto fixo;Com Vítimas Feridas;Plena noite;Decrescente;Nublado;Múltipla;Reta;Urbano;2;1
1202601;2012-11-12;Segunda;22:40:00;SP;116;223.0;GUARULHOS;Outras;Colisão lateral;Sem Vítimas;Plena noite;Decrescente;Nublado;Múltipla;Reta;Urbano;5;5
1202636;2012-11-16;Sexta;17:40:00;SP;116;223.0;GUARULHOS;Falta de atenção;Colisão lateral;Sem Vítimas;Pleno dia;Decrescente;Ceu Claro;Múltipla;Reta;Urbano;2;2
1202663;2012-11-14;Quarta;18:50:00;SP;116;169.0;JACAREI;Falta de atenção;Colisão lateral;Sem Vítimas;Anoitecer;Crescente;Ceu Claro;Simples;Reta;Rural;2;2
1202809;2012-11-16;Sexta;16:30:00;SP;116;140.0;SAO JOSE DOS CAMPOS;Outras;Colisão traseira;Sem Vítimas;Pleno dia;Crescente;Ceu Claro;Dupla;Reta;Rural;2;2
1202831;2012-11-01;Quinta;00:30:00;SP;116;220.0;GUARULHOS;Outras;Colisão com objeto fixo;Sem Vítimas;Plena noite;Decrescente;Chuva;Múltipla;Reta;Urbano;1;1
1202840;2012-11-12;Segunda;08:25:00;SP;116;229.8;SAO PAULO;Outras;Incêndio;Sem Vítimas;Pleno dia;Crescente;Chuva;Múltipla;Reta;Urbano;1;1
1203013;2012-11-17;Sábado;03:50:00;SP;116;132.1;CACAPAVA;Outras;Colisão traseira;Sem Vítimas;Plena noite;Decrescente;Ceu Claro;Dupla;Reta;Urbano;2;2
1203042;2012-11-14;Quarta;17:05:00;SP;116;152.6;SAO JOSE DOS CAMPOS;Falta de atenção;Colisão lateral;Com Vítimas Fatais;Pleno dia;Crescente;Nublado;Dupla;Reta;Urbano;2;2
1203043;2012-11-14;Quarta;07:40:00;SP;116;154.0;SAO JOSE DOS CAMPOS;Falta de atenção;Colisão lateral;Sem Vítimas;Amanhecer;Crescente;Ceu Claro;Dupla;Reta;Urbano;2;2
1203069;2012-11-14;Quarta;00:15:00;SP;116;226.0;GUARULHOS;Falta de atenção;Colisão traseira;Sem Vítimas;Plena noite;Crescente;Chuva;Múltipla;Reta;Urbano;4;4
1203231;2012-11-13;Terça;18:50:00;SP;116;226.0;SAO PAULO;Não guardar distância de segurança;Colisão lateral;Com Vítimas Feridas;Anoitecer;Decrescente;Ceu Claro;Múltipla;Reta;Urbano;2;2
1203287;2012-11-12;Segunda;11:15:00;SP;116;138.6;SAO JOSE DOS CAMPOS;Outras;Atropelamento de animal;Sem Vítimas;Pleno dia;Crescente;Nublado;Dupla;Reta;Urbano;1;1
1203298;2012-11-17;Sábado;19:40:00;SP;116;214.0;GUARULHOS;Falta de atenção;Colisão lateral;Com Vítimas Feridas;Plena noite;Crescente;Ceu Claro;Múltipla;Reta;Urbano;2;2
1203317;2012-10-27;Sábado;21:35:00;SP;116;222.5;GUARULHOS;Falta de atenção;Colisão lateral;Sem Vítimas;Plena noite;Decrescente;Nublado;Múltipla;Reta;Urbano;3;3
1203321;2012-11-17;Sábado;20:25:00;SP;116;124.3;CACAPAVA;Defeito mecânico em veículo;Colisão traseira;Sem Vítimas;Plena noite;Decrescente;Nublado;Dupla;Reta;Urbano;2;2
1203364;2012-11-01;Quinta;06:00:00;SP;116;226.0;GUARULHOS;Outras;Colisão com objeto fixo;Sem Vítimas;Amanhecer;Crescente;Ceu Claro;Múltipla;Reta;Urbano;1;1
1203626;2012-11-14;Quarta;12:45:00;SP;116;227.0;SAO PAULO;Falta de atenção;Colisão lateral;Sem Vítimas;Pleno dia;Decrescente;Sol;Múltipla;Reta;Urbano;2;2
1203666;2012-11-14;Quarta;14:00:00;SP;116;120.2;TAUBATE;Defeito mecânico em veículo;Tombamento;Sem Vítimas;Pleno dia;Decrescente;Nublado;Dupla;Reta;Rural;1;1
1203679;2012-10-28;Domingo;21:11:00;SP;116;104.8;TAUBATE;Outras;Colisão com objeto fixo;Sem Vítimas;Plena noite;Decrescente;Chuva;Dupla;Reta;Rural;2;2
1203686;2012-11-14;Quarta;19:45:00;SP;116;116.3;TAUBATE;Falta de atenção;Colisão traseira;Sem Vítimas;Anoitecer;Decrescente;Nublado;Dupla;Reta;Urbano;2;2
1203716;2012-11-18;Domingo;07:45:00;SP;116;108.0;TAUBATE;Dormindo;Capotamento;Sem Vítimas;Pleno dia;Crescente;Ceu Claro;Dupla;Reta;Urbano;1;1
1203725;2012-11-14;Quarta;18:00:00;SP;116;125.0;CACAPAVA;Desobediência à sinalização;Colisão frontal;Sem Vítimas;Pleno dia;Decrescente;Nublado;Simples;Curva;Rural;2;2
1203819;2012-11-10;Sábado;06:00:00;SP;116;221.0;GUARULHOS;Falta de atenção;Colisão lateral;Sem Vítimas;Amanhecer;Crescente;Nublado;Simples;Reta;Urbano;2;2
1203856;2012-11-18;Domingo;17:40:00;SP;116;104.5;TAUBATE;Falta de atenção;Colisão traseira;Sem Vítimas;Pleno dia;Crescente;Ceu Claro;Múltipla;Reta;Urbano;2;2
1203874;2012-11-18;Domingo;17:30:00;SP;116;199.0;ARUJA;Falta de atenção;Colisão traseira;Sem Vítimas;Pleno dia;Crescente;Ceu Claro;Múltipla;Reta;Urbano;3;3
1203881;2012-11-18;Domingo;18:10:00;SP;116;103.6;TAUBATE;Falta de atenção;Colisão traseira;Sem Vítimas;Pleno dia;Crescente;Sol;Dupla;Reta;Rural;2;2
1203889;2012-11-10;Sábado;20:40:00;SP;116;214.0;GUARULHOS;Outras;Colisão traseira;Sem Vítimas;Pleno dia;Decrescente;Ceu Claro;Múltipla;Reta;Urbano;4;4
1204035;2012-11-16;Sexta;02:15:00;SP;116;156.0;SAO JOSE DOS CAMPOS;Falta de atenção;Colisão lateral;Com Vítimas Feridas;Pleno dia;Decrescente;Nublado;Dupla;Reta;Rural;6;2
1204044;2012-11-08;Quinta;10:15:00;SP;116;165.0;JACAREI;Outras;Colisão com objeto móvel;Sem Vítimas;Pleno dia;Crescente;Sol;Dupla;Reta;Urbano;1;1
1204046;2012-09-03;Segunda;08:15:00;SP;116;213.0;GUARULHOS;Outras;Colisão com objeto móvel;Sem Vítimas;Pleno dia;Decrescente;Sol;Múltipla;Reta;Urbano;1;1
1204123;2012-11-19;Segunda;07:45:00;SP;116;144.7;SAO JOSE DOS CAMPOS;Não guardar distância de segurança;Colisão traseira;Sem Vítimas;Pleno dia;Crescente;Ceu Claro;Dupla;Reta;Urbano;2;2
1204288;2012-10-26;Sexta;17:45:00;SP;116;108.0;TAUBATE;Falta de atenção;Colisão traseira;Com Vítimas Feridas;Pleno dia;Crescente;Ceu Claro;Simples;Reta;Urbano;4;3
1204303;2012-11-14;Quarta;21:50:00;SP;116;147.2;SAO JOSE DOS CAMPOS;Falta de atenção;Colisão traseira;Sem Vítimas;Plena noite;Decrescente;Nublado;Dupla;Reta;Urbano;2;2
1204340;2012-11-14;Quarta;22:15:00;SP;116;147.8;SAO JOSE DOS CAMPOS;Não guardar distância de segurança;Colisão traseira;Sem Vítimas;Plena noite;Decrescente;Nublado;Dupla;Reta;Urbano;3;3
1204359;2012-11-18;Domingo;00:10:00;SP;116;180.0;SANTA ISABEL;Outras;Queda de motocicleta / bicicleta / veículo;Com Vítimas Feridas;Plena noite;Decrescente;Nublado;Dupla;Curva;Rural;2;1
1204366;2012-11-19;Segunda;18:45:00;SP;116;148.2;SAO JOSE DOS CAMPOS;Não guardar distância de segurança;Colisão traseira;Sem Vítimas;Pleno dia;Decrescente;Ceu Claro;Múltipla;Reta;Urbano;3;3
1204373;2012-11-14;Quarta;19:30:00;SP;116;146.0;SAO JOSE DOS CAMPOS;Falta de atenção;Colisão traseira;Com Vítimas Feridas;Plena noite;Decrescente;Nublado;Dupla;Reta;Urbano;4;2
1204425;2012-11-16;Sexta;10:35:00;SP;116;173.0;GUARAREMA;Outras;Colisão com objeto fixo;Sem Vítimas;Pleno dia;Decrescente;Ceu Claro;Dupla;Reta;Urbano;1;1
1204430;2012-11-19;Segunda;17:15:00;SP;116;184.5;SANTA ISABEL;Falta de atenção;Colisão lateral;Com Vítimas Feridas;Pleno dia;Decrescente;Chuva;Simples;Reta;Rural;2;2
1204479;2012-11-19;Segunda;00:10:00;SP;116;104.0;TAUBATE;Falta de atenção;Queda de motocicleta / bicicleta / veículo;Com Vítimas Feridas;Amanhecer;Crescente;Ceu Claro;Múltipla;Reta;Urbano;1;1
1204482;2012-11-18;Domingo;17:00:00;SP;116;99.0;PINDAMONHANGABA;Falta de atenção;Colisão traseira;Sem Vítimas;Pleno dia;Crescente;Sol;Dupla;Reta;Urbano;3;3
1204502;2012-11-20;Terça;09:20:00;SP;116;134.4;SAO JOSE DOS CAMPOS;Outras;Colisão traseira;Sem Vítimas;Pleno dia;Decrescente;Ceu Claro;Dupla;Reta;Urbano;3;3
1204516;2012-11-12;Segunda;12:20:00;SP;116;214.0;GUARULHOS;Defeito mecânico em veículo;Tombamento;Com Vítimas Feridas;Pleno dia;Decrescente;Ceu Claro;Dupla;Reta;Urbano;1;1
1204520;2012-11-16;Sexta;13:00:00;SP;116;222.8;GUARULHOS;Falta de atenção;Colisão lateral;Sem Vítimas;Pleno dia;Crescente;Ceu Claro;Dupla;Reta;Urbano;2;2
1204532;2012-11-08;Quinta;13:45:00;SP;116;225.0;GUARULHOS;Não guardar distância de segurança;Colisão traseira;Com Vítimas Feridas;Pleno dia;Crescente;Ceu Claro;Dupla;Reta;Urbano;3;2
1204552;2012-11-17;Sábado;17:00:00;SP;116;211.0;GUARULHOS;Outras;Colisão traseira;Sem Vítimas;Pleno dia;Crescente;Ceu Claro;Múltipla;Reta;Urbano;3;3
1204600;2012-11-09;Sexta;06:10:00;SP;116;228.2;SAO PAULO;Defeito mecânico em veículo;Colisão traseira;Sem Vítimas;Pleno dia;Decrescente;Ceu Claro;Dupla;Reta;Urbano;3;3
1204641;2012-11-14;Quarta;22:35:00;SP;116;148.0;SAO JOSE DOS CAMPOS;Falta de atenção;Colisão lateral;Com Vítimas Feridas;Plena noite;Decrescente;Sol;Múltipla;Reta;Urbano;2;2
1204719;2012-11-19;Segunda;22:51:00;SP;116;212.6;GUARULHOS;Ingestão de álcool;Colisão traseira;Sem Vítimas;Plena noite;Crescente;Ceu Claro;Dupla;Reta;Urbano;3;3
1204735;2012-11-18;Domingo;23:40:00;SP;116;146.1;SAO JOSE DOS CAMPOS;Não guardar distância de segurança;Colisão traseira;Sem Vítimas;Plena noite;Crescente;Ceu Claro;Dupla;Reta;Urbano;2;2
1204802;2012-11-19;Segunda;19:40:00;SP;116;198.0;ARUJA;Não guardar distância de segurança;Colisão traseira;Sem Vítimas;Plena noite;Decrescente;Chuva;Múltipla;Reta;Urbano;3;3
1204821;2012-11-21;Quarta;06:00:00;SP;116;211.0;GUARULHOS;Não guardar distância de segurança;Colisão traseira;Sem Vítimas;Amanhecer;Crescente;Ceu Claro;Múltipla;Reta;Urbano;3;3
1204833;2012-11-22;Quinta;17:45:00;SP;116;148.1;SAO JOSE DOS CAMPOS;Falta de atenção;Colisão traseira;Sem Vítimas;Pleno dia;Decrescente;Ceu Claro;Dupla;Reta;Urbano;3;3
1204836;2012-11-17;Sábado;19:20:00;SP;116;205.0;GUARULHOS;Outras;Colisão traseira;Sem Vítimas;Anoitecer;Crescente;Nublado;Simples;Reta;Urbano;2;2
1204858;2012-11-19;Segunda;21:40:00;SP;116;157.0;SAO JOSE DOS CAMPOS;Outras;Queda de motocicleta / bicicleta / veículo;Com Vítimas Feridas;Plena noite;Decrescente;Chuva;Múltipla;Reta;Rural;1;1
1204887;2012-11-19;Segunda;23:00:00;SP;116;152.3;SAO JOSE DOS CAMPOS;Outras;Queda de motocicleta / bicicleta / veículo;Com Vítimas Feridas;Plena noite;Decrescente;Nublado;Múltipla;Reta;Rural;1;1
1204900;2012-11-13;Terça;08:00:00;SP;116;191.0;SANTA ISABEL;Outras;Colisão com objeto fixo;Sem Vítimas;Pleno dia;Crescente;Chuva;Dupla;Curva;Rural;1;1
1205070;2012-11-19;Segunda;09:10:00;SP;116;212.7;GUARULHOS;Falta de atenção;Colisão com objeto móvel;Com Vítimas Feridas;Pleno dia;Decrescente;Nublado;Múltipla;Reta;Urbano;1;1
1205090;2012-11-21;Quarta;07:30:00;SP;116;139.7;SAO JOSE DOS CAMPOS;Falta de atenção;Colisão traseira;Com Vítimas Feridas;Pleno dia;Crescente;Sol;Dupla;Reta;Urbano;2;2
1205221;2012-11-21;Quarta;11:00:00;SP;116;212.0;GUARULHOS;Falta de atenção;Colisão lateral;Sem Vítimas;Pleno dia;Decrescente;Ceu Claro;Múltipla;Reta;Urbano;4;4
1205250;2012-11-19;Segunda;16:15:00;SP;116;222.0;GUARULHOS;Falta de atenção;Colisão traseira;Sem Vítimas;Pleno dia;Decrescente;Sol;Múltipla;Reta;Urbano;2;2
1205257;2012-11-20;Terça;23:15:00;SP;116;145.7;SAO JOSE DOS CAMPOS;Outras;Queda de motocicleta / bicicleta / veículo;Com Vítimas Fatais;Plena noite;Crescente;Ignorada;Dupla;Reta;Urbano;1;1
1205280;2012-11-22;Quinta;20:00:00;SP;116;197.0;ARUJA;Defeito mecânico em veículo;Incêndio;Sem Vítimas;Plena noite;Crescente;Ceu Claro;Múltipla;Reta;Rural;1;1
1205357;2012-11-22;Quinta;16:25:00;SP;116;210.0;GUARULHOS;Falta de atenção;Colisão lateral;Sem Vítimas;Pleno dia;Decrescente;Ceu Claro;Múltipla;Reta;Rural;2;2
1205384;2012-11-23;Sexta;17:46:00;SP;116;108.7;TAUBATE;Falta de atenção;Colisão traseira;Sem Vítimas;Pleno dia;Crescente;Sol;Dupla;Reta;Urbano;3;3
1205407;2012-11-23;Sexta;17:42:00;SP;116;146.9;SAO JOSE DOS CAMPOS;Não guardar distância de segurança;Colisão traseira;Sem Vítimas;Pleno dia;Decrescente;Ceu Claro;Simples;Reta;Urbano;2;2
1205415;2012-11-21;Quarta;16:20:00;SP;116;227.6;SAO PAULO;Falta de atenção;Colisão lateral;Sem Vítimas;Pleno dia;Decrescente;Sol;Múltipla;Reta;Urbano;2;2
1205440;2012-11-13;Terça;14:15:00;SP;116;161.0;JACAREI;Falta de atenção;Colisão lateral;Sem Vítimas;Pleno dia;Crescente;Chuva;Dupla;Reta;Urbano;2;2
1205445;2012-11-13;Terça;12:20:00;SP;116;146.0;SAO JOSE DOS CAMPOS;Outras;Colisão lateral;Sem Vítimas;Pleno dia;Crescente;Chuva;Dupla;Reta;Urbano;2;2
1205478;2012-11-23;Sexta;09:30:00;SP;116;220.0;GUARULHOS;Não guardar distância de segurança;Colisão traseira;Sem Vítimas;Pleno dia;Crescente;Ceu Claro;Múltipla;Reta;Urbano;2;2
1205508;2012-11-22;Quinta;22:50:00;SP;116;197.0;ARUJA;Falta de atenção;Colisão lateral;Sem Vítimas;Plena noite;Crescente;Ceu Claro;Múltipla;Reta;Urbano;2;2
1205533;2012-11-23;Sexta;15:40:00;SP;116;145.6;SAO JOSE DOS CAMPOS;Não guardar distância de segurança;Colisão traseira;Sem Vítimas;Pleno dia;Crescente;Sol;Múltipla;Reta;Urbano;2;2
1205553;2012-11-23;Sexta;18:00:00;SP;116;145.6;SAO JOSE DOS CAMPOS;Não guardar distância de segurança;Colisão traseira;Sem Vítimas;Anoitecer;Decrescente;Ceu Claro;Dupla;Reta;Urbano;3;3
1205580;2012-11-23;Sexta;18:45:00;SP;116;145.6;SAO JOSE DOS CAMPOS;Não guardar distância de segurança;Colisão traseira;Sem Vítimas;Anoitecer;Decrescente;Ceu Claro;Dupla;Reta;Urbano;2;2
1205669;2012-11-13;Terça;02:13:00;SP;116;153.9;SAO JOSE DOS CAMPOS;Outras;Atropelamento de pessoa;Com Vítimas Fatais;Plena noite;Crescente;Ceu Claro;Dupla;Reta;Rural;2;1
1205684;2012-11-20;Terça;17:40:00;SP;116;155.0;SAO JOSE DOS CAMPOS;Não guardar distância de segurança;Colisão traseira;Sem Vítimas;Pleno dia;Crescente;Nublado;Múltipla;Reta;Urbano;4;4
1205718;2012-11-20;Terça;22:40:00;SP;116;145.0;SAO JOSE DOS CAMPOS;Falta de atenção;Colisão lateral;Sem Vítimas;Plena noite;Decrescente;Ceu Claro;Dupla;Reta;Rural;2;2
1205726;2012-11-20;Terça;07:36:00;SP;116;182.5;SANTA ISABEL;Falta de atenção;Colisão traseira;Sem Vítimas;Pleno dia;Decrescente;Ceu Claro;Múltipla;Reta;Rural;2;2
1205755;2012-11-20;Terça;17:10:00;SP;116;146.0;SAO JOSE DOS CAMPOS;Falta de atenção;Colisão traseira;Com Vítimas Feridas;Pleno dia;Crescente;Ceu Claro;Dupla;Reta;Rural;3;2
1205785;2012-11-20;Terça;14:00:00;SP;116;102.1;PINDAMONHANGABA;Outras;Colisão com objeto móvel;Sem Vítimas;Pleno dia;Crescente;Ceu Claro;Dupla;Reta;Rural;1;1
1205956;2012-11-24;Sábado;09:30:00;SP;116;145.5;SAO JOSE DOS CAMPOS;Não guardar distância de segurança;Colisão traseira;Sem Vítimas;Pleno dia;Decrescente;Sol;Dupla;Reta;Urbano;5;5
1206046;2012-11-22;Quinta;17:30:00;SP;116;135.3;SAO JOSE DOS CAMPOS;Falta de atenção;Colisão traseira;Sem Vítimas;Pleno dia;Crescente;Sol;Dupla;Reta;Urbano;3;3
1206051;2012-11-20;Terça;18:13:00;SP;116;211.0;GUARULHOS;Não guardar distância de segurança;Colisão traseira;Sem Vítimas;Pleno dia;Crescente;Nublado;Múltipla;Reta;Urbano;3;3
1206073;2012-11-24;Sábado;15:20:00;SP;116;204.5;ARUJA;Falta de atenção;Colisão traseira;Sem Vítimas;Pleno dia;Decrescente;Nublado;Simples;Reta;Urbano;2;2
1206074;2012-11-22;Quinta;18:15:00;SP;116;228.0;SAO PAULO;Outras;Colisão traseira;Sem Vítimas;Pleno dia;Crescente;Ceu Claro;Múltipla;Reta;Urbano;2;2
1206093;2012-11-20;Terça;17:50:00;SP;116;155.0;SAO JOSE DOS CAMPOS;Falta de atenção;Colisão com objeto fixo;Sem Vítimas;Pleno dia;Decrescente;Sol;Dupla;Curva;Urbano;1;1
1206095;2012-11-24;Sábado;15:11:00;SP;116;109.7;TAUBATE;Outras;Colisão traseira;Sem Vítimas;Pleno dia;Decrescente;Chuva;Dupla;Reta;Urbano;2;2
1206119;2012-11-24;Sábado;14:30:00;SP;116;149.0;SAO JOSE DOS CAMPOS;Não guardar distância de segurança;Colisão traseira;Com Vítimas Feridas;Pleno dia;Decrescente;Ceu Claro;Dupla;Reta;Rural;3;2
1206191;2012-11-22;Quinta;18:15:00;SP;116;137.0;SAO JOSE DOS CAMPOS;Falta de atenção;Colisão traseira;Sem Vítimas;Pleno dia;Crescente;Sol;Dupla;Reta;Urbano;2;2
1206208;2012-11-24;Sábado;20:15:00;SP;116;204.5;ARUJA;Falta de atenção;Colisão com objeto fixo;Sem Vítimas;Plena noite;Crescente;Chuva;Dupla;Reta;Urbano;1;1
1206364;2012-11-25;Domingo;05:05:00;SP;116;142.0;SAO JOSE DOS CAMPOS;Outras;Colisão lateral;Sem Vítimas;Amanhecer;Crescente;Chuva;Dupla;Reta;Urbano;3;3
1206458;2012-11-25;Domingo;08:20:00;SP;116;102.5;PINDAMONHANGABA;Não guardar distância de segurança;Colisão traseira;Sem Vítimas;Pleno dia;Decrescente;Chuva;Dupla;Reta;Rural;2;2
1206510;2012-11-25;Domingo;08:20:00;SP;116;102.4;PINDAMONHANGABA;Outras;Colisão traseira;Com Vítimas Feridas;Pleno dia;Decrescente;Chuva;Dupla;Reta;Rural;7;4
1206537;2012-11-21;Quarta;07:50:00;SP;116;225.0;GUARULHOS;Outras;Colisão traseira;Sem Vítimas;Pleno dia;Crescente;Ceu Claro;Dupla;Reta;Urbano;4;4
1206569;2012-11-24;Sábado;04:26:00;SP;116;223.0;GUARULHOS;Ingestão de álcool;Tombamento;Com Vítimas Feridas;Plena noite;Decrescente;Ceu Claro;Múltipla;Reta;Urbano;1;1
1206634;2012-11-14;Quarta;07:40:00;SP;116;147.0;SAO JOSE DOS CAMPOS;Outras;Queda de motocicleta / bicicleta / veículo;Com Vítimas Feridas;Pleno dia;Crescente;Nublado;Dupla;Reta;Urbano;2;1
1206655;2012-11-17;Sábado;22:00:00;SP;116;149.0;SAO JOSE DOS CAMPOS;Falta de atenção;Colisão com objeto fixo;Sem Vítimas;Plena noite;Decrescente;Nublado;Dupla;Reta;Urbano;1;1