id;data_inversa;dia_semana;horario;uf;br;km;municipio;causa_acidente;tipo_acidente;classificacao_acidente;fase_dia;sentido_via;condicao_metereologica;tipo_pista;tracado_via;uso_solo;pessoas;veiculos
1206875;2012-11-19;Segunda;07:00:00;SP;116;201.0;ARUJA;Velocidade incompatível;Tombamento;Sem Vítimas;Pleno dia;Crescente;Ceu Claro;Dupla;Curva;Urbano;1;1
1206898;2012-11-23;Sexta;19:20:00;SP;116;147.9;SAO JOSE DOS CAMPOS;Falta de atenção;Colisão traseira;Com Vítimas Feridas;Anoitecer;Decrescente;Nublado;Dupla;Reta;Urbano;2;2
1206927;2012-11-25;Domingo;20:15:00;SP;116;224.9;GUARULHOS;Outras;Atropelamento de pessoa;Com Vítimas Feridas;Plena noite;Decrescente;Nublado;Múltipla;Reta;Urbano;2;1
1206954;2012-11-26;Segunda;00:55:00;SP;116;135.1;SAO JOSE DOS CAMPOS;Outras;Colisão com objeto fixo;Sem Vítimas;Plena noite;Decrescente;Nublado;Múltipla;Reta;Urbano;1;1
1207050;2012-11-18;Domingo;06:40:00;SP;116;116.0;TAUBATE;Falta de atenção;Colisão com objeto fixo;Sem Vítimas;Pleno dia;Decrescente;Ceu Claro;Dupla;Reta;Urbano;1;1
1207060;2012-11-21;Quarta;05:20:00;SP;116;139.2;SAO JOSE DOS CAMPOS;Outras;Atropelamento de pessoa;Com Vítimas Fatais;Amanhecer;Crescente;Ceu Claro;Dupla;Reta;Urbano;2;1
1207069;2012-11-22;Quinta;17:48:00;SP;116;133.9;CACAPAVA;Não guardar distância de segurança;Colisão traseira;Com Vítimas Feridas;Pleno dia;Crescente;Ceu Claro;Dupla;Reta;Urbano;3;3
1207074;2012-11-12;Segunda;20:40:00;SP;116;208.0;GUARULHOS;Defeito na via;Colisão lateral;Sem Vítimas;Plena noite;Decrescente;Ignorada;Simples;Curva;Urbano;2;2
1207138;2012-11-14;Quarta;21:30:00;SP;116;216.0;GUARULHOS;Outras;Queda de motocicleta / bicicleta / veículo;Com Vítimas Feridas;Plena noite;Decrescente;Chuva;Múltipla;Reta;Urbano;2;2
1207212;2012-11-22;Quinta;18:15:00;SP;116;228.0;SAO PAULO;Falta de atenção;Colisão traseira;Sem Vítimas;Pleno dia;Crescente;Ceu Claro;Múltipla;Reta;Urbano;2;2
1207274;2012-11-23;Sexta;07:30:00;SP;116;145.5;SAO JOSE DOS CAMPOS;Falta de atenção;Colisão traseira;Sem Vítimas;Pleno dia;Decrescente;Ceu Claro;Dupla;Reta;Urbano;2;2
1207370;2012-11-15;Quinta;10:10:00;SP;116;138.0;SAO JOSE DOS CAMPOS;Falta de atenção;Colisão traseira;Sem Vítimas;Amanhecer;Decrescente;Ceu Claro;Simples;Reta;Rural;2;2
1207404;2012-11-13;Terça;11:10:00;SP;116;222.6;GUARULHOS;Outras;Colisão lateral;Sem Vítimas;Pleno dia;Decrescente;Ceu Claro;Múltipla;Reta;Urbano;2;2
1207481;2012-11-23;Sexta;22:50:00;SP;116;218.0;GUARULHOS;Falta de atenção;Colisão lateral;Sem Vítimas;Plena noite;Crescente;Nublado;Múltipla;Reta;Urbano;3;3
1207508;2012-11-25;Domingo;20:30:00;SP;116;225.0;GUARULHOS;Outras;Colisão com objeto fixo;Sem Vítimas;Plena noite;Decrescente;Ceu Claro;Simples;Reta;Urbano;1;1
1207620;2012-11-20;Terça;18:40:00;SP;116;210.0;GUARULHOS;Ingestão de álcool;Colisão traseira;Sem Vítimas;Pleno dia;Crescente;Ceu Claro;Dupla;Reta;Urbano;3;3
1207631;2012-11-25;Domingo;03:30:00;SP;116;226.0;GUARULHOS;Ingestão de álcool;Colisão traseira;Sem Vítimas;Plena noite;Decrescente;Chuva;Múltipla;Reta;Urbano;3;3
1207682;2012-11-19;Segunda;02:30:00;SP;116;165.1;JACAREI;Falta de atenção;Colisão traseira;Sem Vítimas;Plena noite;Crescente;Ceu Claro;Múltipla;Reta;Rural;2;2
1207702;2012-11-26;Segunda;11:00:00;SP;116;225.0;GUARULHOS;Falta de atenção;Colisão lateral;Sem Vítimas;Pleno dia;Decrescente;Ceu Claro;Múltipla;Reta;Urbano;2;2
1207835;2012-11-26;Segunda;15:30:00;SP;116;209.8;GUARULHOS;Outras;Colisão lateral;Sem Vítimas;Pleno dia;Crescente;Nublado;Dupla;Cruzamento;Urbano;2;2
1207863;2012-11-24;Sábado;06:10:00;SP;116;144.6;SAO JOSE DOS CAMPOS;Outras;Colisão com objeto fixo;Sem Vítimas;Amanhecer;Crescente;Ceu Claro;Múltipla;Reta;Urbano;2;2
1207864;2012-11-23;Sexta;12:30:00;SP;116;174.9;JACAREI;Outras;Saída de Pista;Sem Vítimas;Pleno dia;Crescente;Ceu Claro;Dupla;Curva;Rural;3;2
1207868;2012-11-04;Domingo;04:50:00;SP;116;113.0;TAUBATE;Dormindo;Capotamento;Com Vítimas Feridas;Plena noite;Crescente;Nublado;Dupla;Reta;Urbano;3;1
1207917;2012-11-13;Terça;18:50:00;SP;116;226.0;SAO PAULO;Não guardar distância de segurança;Colisão traseira;Com Vítimas Feridas;Anoitecer;Decrescente;Ceu Claro;Múltipla;Reta;Urbano;2;2
1207920;2012-11-23;Sexta;17:45:00;SP;116;144.0;SAO JOSE DOS CAMPOS;Não guardar distância de segurança;Colisão traseira;Sem Vítimas;Pleno dia;Decrescente;Ceu Claro;Múltipla;Reta;Rural;3;3
1207952;2012-11-26;Segunda;19:10:00;SP;116;229.0;SAO PAULO;Falta de atenção;Colisão lateral;Sem Vítimas;Anoitecer;Decrescente;Ceu Claro;Múltipla;Reta;Rural;2;2
1207970;2012-11-21;Quarta;16:50:00;SP;116;110.0;TAUBATE;Falta de atenção;Colisão traseira;Com Vítimas Feridas;Pleno dia;Crescente;Nublado;Dupla;Reta;Urbano;2;2
1207988;2012-11-25;Domingo;19:30:00;SP;116;204.0;ARUJA;Outras;Colisão traseira;Sem Vítimas;Anoitecer;Crescente;Ceu Claro;Múltipla;Reta;Urbano;2;2
1207989;2012-11-26;Segunda;08:40:00;SP;116;213.0;GUARULHOS;Outras;Colisão traseira;Com Vítimas Feridas;Amanhecer;Crescente;Ceu Claro;Múltipla;Reta;Rural;2;2
1208062;2012-11-20;Terça;03:10:00;SP;116;226.4;GUARULHOS;Falta de atenção;Colisão traseira;Com Vítimas Feridas;Plena noite;Crescente;Ignorada;Múltipla;Reta;Urbano;3;2
1208063;2012-11-07;Quarta;12:20:00;SP;116;123.0;CACAPAVA;Falta de atenção;Colisão traseira;Com Vítimas Feridas;Pleno dia;Crescente;Ceu Claro;Simples;Reta;Rural;3;3
1208103;2012-11-23;Sexta;17:30:00;SP;116;144.8;SAO JOSE DOS CAMPOS;Não guardar distância de segurança;Colisão traseira;Sem Vítimas;Pleno dia;Decrescente;Sol;Dupla;Reta;Urbano;2;2
1208145;2012-11-24;Sábado;01:30:00;SP;116;198.0;ARUJA;Falta de atenção;Colisão lateral;Sem Vítimas;Plena noite;Crescente;Ignorada;Múltipla;Curva;Urbano;2;2
1208163;2012-11-26;Segunda;16:20:00;SP;116;222.0;GUARULHOS;Outras;Tombamento;Com Vítimas Feridas;Pleno dia;Crescente;Nublado;Dupla;Reta;Urbano;1;1
1208208;2012-11-26;Segunda;18:38:00;SP;116;228.0;SAO PAULO;Outras;Colisão traseira;Com Vítimas Feridas;Pleno dia;Decrescente;Nublado;Múltipla;Reta;Urbano;3;2
1208227;2012-11-11;Domingo;11:10:00;SP;116;134.2;SAO JOSE DOS CAMPOS;Dormindo;Capotamento;Com Vítimas Feridas;Pleno dia;Crescente;Sol;Dupla;Reta;Rural;1;1
1208236;2012-11-27;Terça;15:25:00;SP;116;226.0;GUARULHOS;Não guardar distância de segurança;Colisão traseira;Sem Vítimas;Pleno dia;Decrescente;Sol;Múltipla;Reta;Urbano;2;2
1208246;2012-11-27;Terça;11:50:00;SP;116;218.0;GUARULHOS;Não guardar distância de segurança;Colisão traseira;Sem Vítimas;Pleno dia;Decrescente;Chuva;Múltipla;Reta;Rural;2;2
1208282;2012-11-23;Sexta;15:50:00;SP;116;101.7;PINDAMONHANGABA;Defeito mecânico em veículo;Queda de motocicleta / bicicleta / veículo;Com Vítimas Feridas;Pleno dia;Decrescente;Sol;Dupla;Reta;Rural;1;1
1208290;2012-11-27;Terça;12:20:00;SP;116;214.0;SAO PAULO;Velocidade incompatível;Colisão traseira;Sem Vítimas;Pleno dia;Crescente;Chuva;Múltipla;Reta;Urbano;2;2
1208317;2012-11-26;Segunda;09:40:00;SP;116;222.0;GUARULHOS;Falta de atenção;Colisão lateral;Com Vítimas Feridas;Pleno dia;Crescente;Nublado;Múltipla;Reta;Urbano;2;2
1208333;2012-11-23;Sexta;17:00:00;SP;116;142.0;SAO JOSE DOS CAMPOS;Falta de atenção;Capotamento;Sem Vítimas;Pleno dia;Decrescente;Ceu Claro;Dupla;Reta;Urbano;1;1
1208339;2012-11-27;Terça;06:45:00;SP;116;219.0;GUARULHOS;Falta de atenção;Colisão traseira;Com Vítimas Feridas;Amanhecer;Crescente;Nublado;Múltipla;Reta;Urbano;2;2
1208408;2012-11-18;Domingo;15:15:00;SP;116;107.0;TAUBATE;Não guardar distância de segurança;Colisão traseira;Sem Vítimas;Pleno dia;Crescente;Sol;Dupla;Reta;Urbano;3;3
1208410;2012-11-23;Sexta;05:15:00;SP;116;158.2;JACAREI;Outras;Colisão com objeto fixo;Sem Vítimas;Amanhecer;Crescente;Nublado;Múltipla;Curva;Urbano;1;1
1208444;2012-11-18;Domingo;16:50:00;SP;116;102.8;TAUBATE;Falta de atenção;Colisão traseira;Sem Vítimas;Pleno dia;Crescente;Sol;Dupla;Reta;Urbano;3;3
1208505;2012-11-23;Sexta;18:10:00;SP;116;182.5;SANTA ISABEL;Outras;Colisão com objeto fixo;Sem Vítimas;Plena noite;Decrescente;Ceu Claro;Múltipla;Reta;Urbano;1;1
1208550;2012-11-23;Sexta;19:15:00;SP;116;149.3;SAO JOSE DOS CAMPOS;Não guardar distância de segurança;Colisão traseira;Sem Vítimas;Anoitecer;Decrescente;Ceu Claro;Dupla;Reta;Urbano;5;5
1208556;2012-11-25;Domingo;03:00:00;SP;116;146.0;SAO JOSE DOS CAMPOS;Falta de atenção;Colisão traseira;Com Vítimas Feridas;Plena noite;Crescente;Chuva;Múltipla;Reta;Urbano;2;2
1208563;2012-11-24;Sábado;09:55:00;SP;116;161.9;JACAREI;Falta de atenção;Colisão traseira;Sem Vítimas;Pleno dia;Crescente;Sol;Dupla;Reta;Urbano;2;2
1208566;2012-11-27;Terça;18:20:00;SP;116;145.6;SAO JOSE DOS CAMPOS;Outras;Colisão com objeto móvel;Sem Vítimas;Pleno dia;Crescente;Sol;Múltipla;Reta;Urbano;2;2
1208696;2012-11-20;Terça;18:10:00;SP;116;157.0;SAO JOSE DOS CAMPOS;Não guardar distância de segurança;Colisão traseira;Sem Vítimas;Anoitecer;Decrescente;Ceu Claro;Múltipla;Reta;Urbano;4;4
1208703;2012-11-18;Domingo;18:00:00;SP;116;105.0;TAUBATE;Falta de atenção;Colisão traseira;Sem Vítimas;Pleno dia;Crescente;Sol;Dupla;Reta;Urbano;2;2
1208755;2012-11-18;Domingo;21:13:00;SP;116;101.2;PINDAMONHANGABA;Outras;Colisão com objeto fixo;Com Vítimas Fatais;Plena noite;Crescente;Nublado;Dupla;Reta;Urbano;4;4
1208828;2012-11-28;Quarta;14:10:00;SP;116;132.0;CACAPAVA;Outras;Colisão traseira;Com Vítimas Feridas;Pleno dia;Crescente;Ceu Claro;Dupla;Reta;Urbano;2;2
1208830;2012-11-21;Quarta;17:30:00;SP;116;224.5;GUARULHOS;Não guardar distância de segurança;Colisão lateral;Com Vítimas Feridas;Pleno dia;Decrescente;Ceu Claro;Múltipla;Reta;Urbano;3;3
1208843;2012-11-23;Sexta;18:00:00;SP;116;148.0;SAO JOSE DOS CAMPOS;Falta de atenção;Colisão traseira;Sem Vítimas;Pleno dia;Decrescente;Ceu Claro;Dupla;Reta;Urbano;3;3
1208919;2012-11-19;Segunda;22:50:00;SP;116;155.0;SAO JOSE DOS CAMPOS;Não guardar distância de segurança;Colisão traseira;Com Vítimas Feridas;Plena noite;Decrescente;Nublado;Múltipla;Reta;Urbano;2;2
1208944;2012-11-28;Quarta;12:40:00;SP;116;143.0;SAO JOSE DOS CAMPOS;Outras;Colisão lateral;Sem Vítimas;Pleno dia;Decrescente;Sol;Dupla;Reta;Urbano;2;2
1208961;2012-11-18;Domingo;21:10:00;SP;116;101.2;PINDAMONHANGABA;Outras;Queda de motocicleta / bicicleta / veículo;Com Vítimas Fatais;Plena noite;Crescente;Nublado;Dupla;Reta;Urbano;1;1
1208975;2012-11-28;Quarta;16:45:00;SP;116;108.0;TAUBATE;Outras;Queda de motocicleta / bicicleta / veículo;Com Vítimas Feridas;Pleno dia;Decrescente;Sol;Dupla;Reta;Urbano;1;1
1209074;2012-11-25;Domingo;15:00:00;SP;116;223.0;GUARULHOS;Outras;Queda de motocicleta / bicicleta / veículo;Com Vítimas Feridas;Amanhecer;Decrescente;Nublado;Simples;Curva;Urbano;2;1
1209101;2012-11-28;Quarta;17:45:00;SP;116;136.0;SAO JOSE DOS CAMPOS;Defeito mecânico em veículo;Colisão frontal;Sem Vítimas;Pleno dia;Crescente;Sol;Simples;Reta;Urbano;2;2
1209171;2012-11-24;Sábado;15:00:00;SP;116;221.0;GUARULHOS;Falta de atenção;Colisão traseira;Sem Vítimas;Pleno dia;Crescente;Ceu Claro;Múltipla;Reta;Urbano;2;2
1209176;2012-11-28;Quarta;11:45:00;SP;116;222.0;GUARULHOS;Falta de atenção;Colisão traseira;Sem Vítimas;Pleno dia;Crescente;Sol;Múltipla;Reta;Urbano;2;2
1209193;2012-11-28;Quarta;18:40:00;SP;116;228.0;SAO PAULO;Não guardar distância de segurança;Colisão traseira;Sem Vítimas;Plena noite;Decrescente;Ceu Claro;Múltipla;Reta;Urbano;2;2
1209255;2012-11-23;Sexta;19:20:00;SP;116;148.0;SAO JOSE DOS CAMPOS;Falta de atenção;Colisão traseira;Sem Vítimas;Anoitecer;Decrescente;Ceu Claro;Dupla;Reta;Urbano;2;2
1209305;2012-11-26;Segunda;08:40:00;SP;116;157.0;SAO JOSE DOS CAMPOS;Não guardar distância de segurança;Colisão traseira;Sem Vítimas;Pleno dia;Decrescente;Nublado;Dupla;Reta;Urbano;2;2
1209314;2012-11-24;Sábado;05:30:00;SP;116;204.0;ARUJA;Não guardar distância de segurança;Colisão traseira;Sem Vítimas;Amanhecer;Decrescente;Ceu Claro;Múltipla;Reta;Urbano;2;2
1209493;2012-11-29;Quinta;14:20:00;SP;116;137.3;SAO JOSE DOS CAMPOS;Outras;Colisão lateral;Sem Vítimas;Pleno dia;Crescente;Sol;Dupla;Reta;Urbano;2;2
1209495;2012-11-29;Quinta;15:45:00;SP;116;212.0;GUARULHOS;Velocidade incompatível;Colisão lateral;Sem Vítimas;Pleno dia;Crescente;Ceu Claro;Simples;Reta;Urbano;2;2
1209664;2012-11-29;Quinta;23:15:00;SP;116;161.0;JACAREI;Outras;Colisão traseira;Sem Vítimas;Plena noite;Crescente;Ceu Claro;Dupla;Reta;Rural;2;2
1209672;2012-11-29;Quinta;15:40:00;SP;116;119.7;TAUBATE;Não guardar distância de segurança;Colisão traseira;Sem Vítimas;Pleno dia;Decrescente;Sol;Múltipla;Reta;Urbano;2;2
1209685;2012-11-22;Quinta;07:15:00;SP;116;206.0;GUARULHOS;Falta de atenção;Colisão lateral;Com Vítimas Feridas;Pleno dia;Crescente;Ceu Claro;Dupla;Reta;Urbano;3;3
1209744;2012-11-29;Quinta;17:40:00;SP;116;108.9;TAUBATE;Outras;Atropelamento de pessoa;Com Vítimas Feridas;Pleno dia;Crescente;Ceu Claro;Dupla;Reta;Urbano;2;1
1209762;2012-11-18;Domingo;05:00:00;SP;116;223.0;GUARULHOS;Outras;Colisão traseira;Sem Vítimas;Plena noite;Decrescente;Nublado;Simples;Reta;Urbano;2;2
1209764;2012-11-27;Terça;10:20:00;SP;116;157.0;SAO JOSE DOS CAMPOS;Falta de atenção;Colisão lateral;Sem Vítimas;Pleno dia;Decrescente;Nublado;Múltipla;Reta;Urbano;2;2
1209789;2012-11-27;Terça;12:07:00;SP;116;177.6;GUARAREMA;Velocidade incompatível;Saída de Pista;Sem Vítimas;Pleno dia;Crescente;Chuva;Dupla;Reta;Rural;1;1
1209891;2012-10-30;Terça;13:40:00;SP;116;136.0;SAO JOSE DOS CAMPOS;Falta de atenção;Colisão traseira;Sem Vítimas;Pleno dia;Decrescente;Ceu Claro;Simples;Reta;Rural;3;3
1209907;2012-11-15;Quinta;14:00:00;SP;116;113.8;TAUBATE;Falta de atenção;Colisão traseira;Sem Vítimas;Pleno dia;Decrescente;Ceu Claro;Simples;Reta;Rural;2;2
1209912;2012-11-28;Quarta;08:30:00;SP;116;214.0;GUARULHOS;Defeito mecânico em veículo;Queda de motocicleta / bicicleta / veículo;Com Vítimas Feridas;Pleno dia;Crescente;Ceu Claro;Múltipla;Reta;Urbano;2;1
1209916;2012-11-27;Terça;22:20:00;SP;116;140.0;SAO JOSE DOS CAMPOS;Falta de atenção;Atropelamento de pessoa;Com Vítimas Fatais;Plena noite;Decrescente;Ceu Claro;Simples;Reta;Rural;2;1
1209943;2012-11-24;Sábado;05:20:00;SP;116;112.0;TAUBATE;Outras;Colisão lateral;Sem Vítimas;Pleno dia;Crescente;Ceu Claro;Simples;Reta;Urbano;2;2
1209948;2012-11-28;Quarta;19:00:00;SP;116;221.0;GUARULHOS;Falta de atenção;Colisão traseira;Sem Vítimas;Anoitecer;Decrescente;Ceu Claro;Múltipla;Reta;Urbano;2;2
1209971;2012-11-29;Quinta;01:30:00;SP;116;206.0;GUARULHOS;Dormindo;Colisão traseira;Sem Vítimas;Plena noite;Decrescente;Ignorada;Múltipla;Reta;Urbano;2;2
1210022;2012-11-18;Domingo;19:40:00;SP;116;104.9;TAUBATE;Falta de atenção;Colisão traseira;Sem Vítimas;Anoitecer;Crescente;Nublado;Múltipla;Reta;Urbano;3;3
1210024;2012-11-28;Quarta;20:15:00;SP;116;220.0;GUARULHOS;Não guardar distância de segurança;Colisão traseira;Com Vítimas Feridas;Anoitecer;Decrescente;Ceu Claro;Múltipla;Reta;Urbano;3;2
1210025;2012-11-28;Quarta;18:00:00;SP;116;226.0;GUARULHOS;Não guardar distância de segurança;Colisão lateral;Sem Vítimas;Pleno dia;Decrescente;Ceu Claro;Múltipla;Reta;Urbano;2;2
1210101;2012-11-30;Sexta;11:40:00;SP;116;221.0;GUARULHOS;Falta de atenção;Colisão traseira;Com Vítimas Feridas;Pleno dia;Decrescente;Ceu Claro;Múltipla;Reta;Urbano;2;2
1210106;2012-11-30;Sexta;15:25:00;SP;116;140.0;SAO JOSE DOS CAMPOS;Outras;Colisão traseira;Sem Vítimas;Plena noite;Crescente;Ceu Claro;Dupla;Reta;Urbano;2;2
1210150;2012-11-23;Sexta;03:45:00;SP;116;147.2;SAO JOSE DOS CAMPOS;Outras;Queda de motocicleta / bicicleta / veículo;Com Vítimas Fatais;Plena noite;Decrescente;Ceu Claro;Dupla;Reta;Urbano;2;2
1210209;2012-11-26;Segunda;16:00:00;SP;116;155.1;SAO JOSE DOS CAMPOS;Não guardar distância de segurança;Colisão traseira;Sem Vítimas;Pleno dia;Decrescente;Ceu Claro;Múltipla;Reta;Urbano;4;4
1210236;2012-11-30;Sexta;18:40:00;SP;116;124.5;CACAPAVA;Outras;Atropelamento de pessoa;Com Vítimas Feridas;Pleno dia;Decrescente;Ceu Claro;Dupla;Reta;Rural;2;1
1210242;2012-11-30;Sexta;23:30:00;SP;116;114.5;TAUBATE;Não guardar distância de segurança;Colisão traseira;Com Vítimas Feridas;Plena noite;Decrescente;Nublado;Dupla;Reta;Urbano;5;3
1210290;2012-11-30;Sexta;07:10:00;SP;116;228.1;SAO PAULO;Velocidade incompatível;Colisão traseira;Sem Vítimas;Pleno dia;Crescente;Ceu Claro;Múltipla;Reta;Urbano;2;2
1210309;2012-11-30;Sexta;15:00:00;SP;116;227.0;GUARULHOS;Falta de atenção;Colisão traseira;Sem Vítimas;Pleno dia;Decrescente;Ceu Claro;Múltipla;Reta;Urbano;2;2
1210332;2012-11-29;Quinta;19:30:00;SP;116;221.0;GUARULHOS;Outras;Atropelamento de pessoa;Com Vítimas Fatais;Anoitecer;Decrescente;Nublado;Simples;Reta;Urbano;2;1
1210346;2012-12-01;Sábado;08:00:00;SP;116;211.0;GUARULHOS;Não guardar distância de segurança;Colisão traseira;Sem Vítimas;Amanhecer;Crescente;Nublado;Simples;Reta;Urbano;2;2
1210365;2012-11-29;Quinta;14:10:00;SP;116;219.0;GUARULHOS;Outras;Colisão lateral;Com Vítimas Fatais;Pleno dia;Crescente;Nublado;Simples;Reta;Urbano;2;2
1210408;2012-11-29;Quinta;16:15:00;SP;116;214.0;GUARULHOS;Outras;Colisão traseira;Sem Vítimas;Pleno dia;Crescente;Ceu Claro;Múltipla;Reta;Urbano;2;2
1210421;2012-11-30;Sexta;04:00:00;SP;116;223.0;GUARULHOS;Outras;Colisão com objeto fixo;Sem Vítimas;Plena noite;Decrescente;Ceu Claro;Dupla;Reta;Urbano;2;2
1210519;2012-12-01;Sábado;11:10:00;SP;116;215.5;GUARULHOS;Não guardar distância de segurança;Colisão traseira;Sem Vítimas;Pleno dia;Crescente;Sol;Múltipla;Reta;Urbano;3;3
1210524;2012-12-01;Sábado;14:30:00;SP;116;225.0;GUARULHOS;Não guardar distância de segurança;Colisão traseira;Sem Vítimas;Pleno dia;Decrescente;Nublado;Múltipla;Reta;Urbano;3;3
1210611;2012-11-26;Segunda;00:45:00;SP;116;224.0;GUARULHOS;Outras;Atropelamento de pessoa;Com Vítimas Fatais;Plena noite;Decrescente;Nublado;Múltipla;Reta;Urbano;2;1
1210631;2012-11-17;Sábado;15:15:00;SP;116;214.0;GUARULHOS;Outras;Colisão traseira;Com Vítimas Feridas;Pleno dia;Crescente;Sol;Múltipla;Reta;Urbano;6;4
1210634;2012-12-01;Sábado;14:30:00;SP;116;168.0;JACAREI;Outras;Colisão com objeto fixo;Com Vítimas Feridas;Pleno dia;Crescente;Nublado;Múltipla;Reta;Rural;2;1
1210636;2012-12-01;Sábado;10:00:00;SP;116;205.0;GUARULHOS;Animais na Pista;Colisão com objeto fixo;Sem Vítimas;Pleno dia;Crescente;Sol;Múltipla;Reta;Urbano;1;1
1210680;2012-11-29;Quinta;16:30:00;SP;116;227.0;GUARULHOS;Outras;Colisão lateral;Sem Vítimas;Pleno dia;Decrescente;Sol;Múltipla;Reta;Urbano;2;2
1210775;2012-12-01;Sábado;19:50:00;SP;116;211.0;GUARULHOS;Ingestão de álcool;Colisão traseira;Sem Vítimas;Plena noite;Decrescente;Chuva;Múltipla;Reta;Urbano;3;3
1210793;2012-04-23;Segunda;09:40:00;SP;116;213.0;GUARULHOS;Outras;Colisão com objeto fixo;Com Vítimas Feridas;Pleno dia;Crescente;Ceu Claro;Múltipla;Reta;Urbano;3;3
1210822;2012-11-21;Quarta;18:50:00;SP;116;223.0;GUARULHOS;Falta de atenção;Colisão lateral;Sem Vítimas;Anoitecer;Decrescente;Ceu Claro;Dupla;Reta;Urbano;4;4
1210889;2012-11-30;Sexta;15:00:00;SP;116;125.2;CACAPAVA;Outras;Colisão traseira;Sem Vítimas;Pleno dia;Decrescente;Sol;Dupla;Reta;Urbano;2;2
1210911;2012-11-29;Quinta;12:50:00;SP;116;225.0;GUARULHOS;Não guardar distância de segurança;Colisão lateral;Sem Vítimas;Pleno dia;Decrescente;Ceu Claro;Múltipla;Reta;Urbano;2;2
1210913;2012-12-01;Sábado;06:10:00;SP;116;140.4;SAO JOSE DOS CAMPOS;Outras;Colisão lateral;Com Vítimas Feridas;Amanhecer;Decrescente;Ceu Claro;Dupla;Reta;Urbano;2;2
1210920;2012-11-29;Quinta;19:00:00;SP;116;223.0;GUARULHOS;Não guardar distância de segurança;Queda de motocicleta / bicicleta / veículo;Com Vítimas Feridas;Anoitecer;Decrescente;Ceu Claro;Múltipla;Reta;Urbano;1;1
1210922;2012-11-30;Sexta;03:15:00;SP;116;204.0;ARUJA;Falta de atenção;Colisão traseira;Sem Vítimas;Plena noite;Crescente;Ceu Claro;Simples;Reta;Rural;2;2
1210973;2012-11-30;Sexta;19:00:00;SP;116;118.0;TAUBATE;Outras;Colisão traseira;Sem Vítimas;Plena noite;Decrescente;Ceu Claro;Dupla;Reta;Rural;2;2
1210977;2012-11-28;Quarta;15:40:00;SP;116;220.0;SAO PAULO;Falta de atenção;Colisão com objeto móvel;Com Vítimas Feridas;Pleno dia;Decrescente;Ceu Claro;Simples;Reta;Urbano;1;1
1210991;2012-11-28;Quarta;08:30:00;SP;116;209.0;GUARULHOS;Falta de atenção;Colisão lateral;Sem Vítimas;Pleno dia;Crescente;Ceu Claro;Simples;Curva;Urbano;2;2
1210998;2012-11-30;Sexta;17:20:00;SP;116;119.5;CACAPAVA;Outras;Colisão traseira;Sem Vítimas;Pleno dia;Decrescente;Sol;Dupla;Reta;Rural;2;2
1211061;2012-12-01;Sábado;22:30:00;SP;116;222.5;GUARULHOS;Defeito mecânico em veículo;Capotamento;Sem Vítimas;Plena noite;Decrescente;Nublado;Múltipla;Reta;Urbano;1;1
1211064;2012-12-02;Domingo;16:40:00;SP;116;100.0;PINDAMONHANGABA;Defeito mecânico em veículo;Capotamento;Sem Vítimas;Pleno dia;Decrescente;Nublado;Dupla;Reta;Urbano;1;1
1211095;2012-12-02;Domingo;18:20:00;SP;116;144.4;SAO JOSE DOS CAMPOS;Não guardar distância de segurança;Colisão traseira;Sem Vítimas;Anoitecer;Decrescente;Nublado;Simples;Reta;Urbano;2;2
1211114;2012-12-02;Domingo;16:30:00;SP;116;103.5;TAUBATE;Outras;Colisão lateral;Sem Vítimas;Pleno dia;Crescente;Nublado;Múltipla;Reta;Rural;2;2
1211181;2012-11-21;Quarta;13:50:00;SP;116;222.0;GUARULHOS;Outras;Colisão traseira;Sem Vítimas;Pleno dia;Crescente;Sol;Múltipla;Reta;Urbano;2;2
1211319;2012-11-30;Sexta;11:30:00;SP;116;227.0;SAO PAULO;Outras;Colisão lateral;Sem Vítimas;Pleno dia;Decrescente;Ceu Claro;Múltipla;Reta;Urbano;2;2
1211323;2012-12-02;Domingo;21:00:00;SP;116;147.9;SAO JOSE DOS CAMPOS;Não guardar distância de segurança;Colisão traseira;Sem Vítimas;Plena noite;Decrescente;Chuva;Simples;Reta;Urbano;2;2
1211364;2012-12-03;Segunda;06:30:00;SP;116;100.0;PINDAMONHANGABA;Outras;Colisão com objeto fixo;Sem Vítimas;Pleno dia;Crescente;Ceu Claro;Dupla;Reta;Urbano;1;1
1211365;2012-12-02;Domingo;00:30:00;SP;116;226.0;GUARULHOS;Falta de atenção;Queda de motocicleta / bicicleta / veículo;Com Vítimas Feridas;Plena noite;Decrescente;Nublado;Múltipla;Reta;Urbano;1;1