id;data_inversa;dia_semana;horario;uf;br;km;municipio;causa_acidente;tipo_acidente;classificacao_acidente;fase_dia;sentido_via;condicao_metereologica;tipo_pista;tracado_via;uso_solo;pessoas;veiculos
1220570;2012-12-15;Sábado;02:30:00;SP;116;118.0;TAUBATE;Outras;Colisão com objeto fixo;Sem Vítimas;Plena noite;Crescente;Chuva;Dupla;Reta;Urbano;1;1
1220584;2012-12-14;Sexta;19:40:00;SP;116;205.0;ARUJA;Desobediência à sinalização;Colisão lateral;Sem Vítimas;Anoitecer;Crescente;Ceu Claro;Múltipla;Reta;Urbano;2;2
1220595;2012-12-14;Sexta;19:50:00;SP;116;115.0;TAUBATE;Não guardar distância de segurança;Colisão traseira;Sem Vítimas;Plena noite;Decrescente;Chuva;Dupla;Reta;Urbano;2;2
1220599;2012-12-14;Sexta;22:40:00;SP;116;221.0;GUARULHOS;Não guardar distância de segurança;Colisão traseira;Sem Vítimas;Plena noite;Decrescente;Nublado;Múltipla;Reta;Urbano;4;4
1220620;2012-12-14;Sexta;11:30:00;SP;116;223.0;GUARULHOS;Não guardar distância de segurança;Colisão lateral;Com Vítimas Feridas;Pleno dia;Crescente;Ceu Claro;Múltipla;Reta;Urbano;3;3
1220656;2012-12-15;Sábado;22:00:00;SP;116;178.6;GUARAREMA;Outras;Saída de Pista;Sem Vítimas;Plena noite;Crescente;Chuva;Dupla;Reta;Urbano;1;1
1220662;2012-12-18;Terça;14:30:00;SP;116;221.0;GUARULHOS;Outras;Colisão lateral;Sem Vítimas;Pleno dia;Decrescente;Ceu Claro;Múltipla;Reta;Urbano;2;2
1220728;2012-12-17;Segunda;22:50:00;SP;116;216.0;GUARULHOS;Não guardar distância de segurança;Colisão lateral;Sem Vítimas;Plena noite;Decrescente;Ignorada;Múltipla;Reta;Urbano;2;2
1220737;2012-12-18;Terça;12:15:00;SP;116;159.0;JACAREI;Outras;Colisão com objeto fixo;Sem Vítimas;Pleno dia;Crescente;Ceu Claro;Dupla;Reta;Urbano;1;1
1220811;2012-12-18;Terça;17:45:00;SP;116;115.0;TAUBATE;Outras;Colisão lateral;Com Vítimas Feridas;Pleno dia;Decrescente;Ceu Claro;Dupla;Reta;Urbano;2;2
1220972;2012-12-19;Quarta;14:05:00;SP;116;191.7;SANTA ISABEL;Outras;Saída de Pista;Sem Vítimas;Pleno dia;Decrescente;Chuva;Dupla;Reta;Rural;1;1
1220986;2012-12-10;Segunda;22:30:00;SP;116;148.8;SAO JOSE DOS CAMPOS;Não guardar distância de segurança;Colisão traseira;Sem Vítimas;Plena noite;Crescente;Ceu Claro;Simples;Reta;Urbano;2;2
1221004;2012-12-19;Quarta;06:30:00;SP;116;165.0;JACAREI;Falta de atenção;Colisão traseira;Sem Vítimas;Amanhecer;Decrescente;Ceu Claro;Dupla;Reta;Rural;2;2
1221020;2012-12-16;Domingo;17:00:00;SP;116;165.8;JACAREI;Falta de atenção;Colisão lateral;Sem Vítimas;Pleno dia;Crescente;Nublado;Dupla;Reta;Rural;2;2
1221039;2012-12-17;Segunda;04:35:00;SP;116;178.5;GUARAREMA;Falta de atenção;Colisão com objeto fixo;Sem Vítimas;Amanhecer;Crescente;Chuva;Dupla;Reta;Rural;2;2
1221061;2012-12-17;Segunda;02:53:00;SP;116;165.0;JACAREI;Falta de atenção;Colisão traseira;Sem Vítimas;Plena noite;Crescente;Nublado;Múltipla;Reta;Urbano;2;2
1221063;2012-12-11;Terça;17:30:00;SP;116;154.4;SAO JOSE DOS CAMPOS;Outras;Colisão com objeto fixo;Sem Vítimas;Pleno dia;Crescente;Chuva;Dupla;Reta;Urbano;1;1
1221118;2012-12-19;Quarta;08:00:00;SP;116;157.0;SAO JOSE DOS CAMPOS;Falta de atenção;Colisão traseira;Sem Vítimas;Pleno dia;Decrescente;Ceu Claro;Dupla;Reta;Urbano;3;3
1221129;2012-12-19;Quarta;14:30:00;SP;116;127.0;CACAPAVA;Defeito mecânico em veículo;Queda de motocicleta / bicicleta / veículo;Com Vítimas Feridas;Pleno dia;Decrescente;Nublado;Dupla;Reta;Urbano;1;1
1221135;2012-12-11;Terça;07:00:00;SP;116;155.0;SAO JOSE DOS CAMPOS;Outras;Colisão traseira;Sem Vítimas;Pleno dia;Crescente;Nublado;Dupla;Reta;Urbano;2;2
1221153;2012-12-19;Quarta;14:30:00;SP;116;135.6;SAO JOSE DOS CAMPOS;Outras;Queda de motocicleta / bicicleta / veículo;Com Vítimas Feridas;Pleno dia;Decrescente;Sol;Múltipla;Reta;Urbano;2;1
1221179;2012-12-19;Quarta;14:00:00;SP;116;216.0;GUARULHOS;Não guardar distância de segurança;Colisão traseira;Sem Vítimas;Pleno dia;Crescente;Ceu Claro;Múltipla;Reta;Urbano;2;2
1221224;2012-12-19;Quarta;09:00:00;SP;116;227.0;SAO PAULO;Não guardar distância de segurança;Colisão traseira;Sem Vítimas;Pleno dia;Crescente;Ceu Claro;Múltipla;Reta;Urbano;2;2
1221251;2012-12-19;Quarta;18:00:00;SP;116;210.0;GUARULHOS;Outras;Colisão lateral;Sem Vítimas;Pleno dia;Decrescente;Chuva;Múltipla;Reta;Urbano;2;2
1221276;2012-12-17;Segunda;16:20:00;SP;116;214.0;GUARULHOS;Ultrapassagem indevida;Tombamento;Sem Vítimas;Pleno dia;Decrescente;Ceu Claro;Múltipla;Reta;Urbano;2;2
1221295;2012-12-15;Sábado;18:00:00;SP;116;101.0;PINDAMONHANGABA;Falta de atenção;Colisão traseira;Sem Vítimas;Pleno dia;Decrescente;Chuva;Múltipla;Reta;Rural;3;3
1221304;2012-12-19;Quarta;18:30:00;SP;116;204.0;ARUJA;Velocidade incompatível;Colisão traseira;Sem Vítimas;Anoitecer;Decrescente;Nublado;Múltipla;Reta;Rural;2;2
1221394;2012-12-19;Quarta;20:30:00;SP;116;210.0;GUARULHOS;Desobediência à sinalização;Colisão Transversal;Sem Vítimas;Plena noite;Decrescente;Chuva;Múltipla;Reta;Urbano;2;2
1221510;2012-12-19;Quarta;15:45:00;SP;116;102.0;PINDAMONHANGABA;Falta de atenção;Colisão traseira;Sem Vítimas;Pleno dia;Crescente;Chuva;Dupla;Reta;Rural;3;3
1221524;2012-12-20;Quinta;07:30:00;SP;116;166.0;JACAREI;Não guardar distância de segurança;Colisão traseira;Sem Vítimas;Pleno dia;Decrescente;Ceu Claro;Dupla;Reta;Urbano;2;2
1221528;2012-12-12;Quarta;13:45:00;SP;116;114.6;TAUBATE;Outras;Colisão traseira;Sem Vítimas;Pleno dia;Decrescente;Ceu Claro;Dupla;Reta;Urbano;2;2
1221646;2012-12-16;Domingo;16:30:00;SP;116;203.0;ARUJA;Outras;Queda de motocicleta / bicicleta / veículo;Com Vítimas Feridas;Pleno dia;Decrescente;Nublado;Dupla;Reta;Rural;1;1
1221685;2012-12-18;Terça;12:15:00;SP;116;159.0;JACAREI;Outras;Colisão com objeto fixo;Sem Vítimas;Pleno dia;Crescente;Ceu Claro;Dupla;Reta;Urbano;1;1
1221687;2012-12-13;Quinta;08:40:00;SP;116;220.0;GUARULHOS;Falta de atenção;Colisão traseira;Com Vítimas Feridas;Pleno dia;Crescente;Nublado;Múltipla;Reta;Urbano;2;2
1221705;2012-12-18;Terça;17:15:00;SP;116;147.0;SAO JOSE DOS CAMPOS;Não guardar distância de segurança;Colisão traseira;Sem Vítimas;Pleno dia;Decrescente;Ceu Claro;Simples;Reta;Urbano;3;3
1221714;2012-12-16;Domingo;04:15:00;SP;116;147.4;SAO JOSE DOS CAMPOS;Outras;Colisão Transversal;Sem Vítimas;Plena noite;Decrescente;Nublado;Múltipla;Reta;Urbano;2;2
1221757;2012-12-19;Quarta;10:29:00;SP;116;142.2;SAO JOSE DOS CAMPOS;Falta de atenção;Colisão traseira;Sem Vítimas;Pleno dia;Crescente;Nublado;Dupla;Reta;Urbano;2;2
1221811;2012-12-16;Domingo;00:10:00;SP;116;191.0;SANTA ISABEL;Outras;Colisão com objeto fixo;Sem Vítimas;Plena noite;Crescente;Chuva;Dupla;Curva;Rural;1;1
1221830;2012-12-16;Domingo;11:30:00;SP;116;207.0;GUARULHOS;Outras;Colisão lateral;Sem Vítimas;Pleno dia;Decrescente;Nublado;Dupla;Reta;Urbano;2;2
1221835;2012-12-15;Sábado;07:30:00;SP;116;213.0;GUARULHOS;Outras;Capotamento;Com Vítimas Feridas;Pleno dia;Crescente;Chuva;Múltipla;Reta;Urbano;2;2
1221871;2012-12-15;Sábado;18:45:00;SP;116;225.0;GUARULHOS;Outras;Colisão com objeto fixo;Sem Vítimas;Pleno dia;Decrescente;Chuva;Múltipla;Reta;Urbano;1;1
1221927;2012-12-19;Quarta;17:10:00;SP;116;172.5;JACAREI;Outras;Saída de Pista;Com Vítimas Feridas;Pleno dia;Crescente;Nublado;Dupla;Reta;Rural;2;1
1222022;2012-12-20;Quinta;18:30:00;SP;116;165.4;SAO JOSE DOS CAMPOS;Outras;Colisão com objeto fixo;Sem Vítimas;Pleno dia;Decrescente;Chuva;Múltipla;Reta;Urbano;1;1
1222027;2012-12-20;Quinta;14:43:00;SP;116;176.0;GUARAREMA;Não guardar distância de segurança;Colisão traseira;Com Vítimas Feridas;Pleno dia;Decrescente;Sol;Dupla;Reta;Rural;3;3
1222034;2012-12-20;Quinta;07:45:00;SP;116;166.9;JACAREI;Ultrapassagem indevida;Colisão frontal;Com Vítimas Feridas;Pleno dia;Crescente;Sol;Simples;Reta;Urbano;2;2
1222036;2012-12-20;Quinta;14:20:00;SP;116;219.0;GUARULHOS;Falta de atenção;Colisão traseira;Sem Vítimas;Pleno dia;Decrescente;Ceu Claro;Múltipla;Reta;Urbano;4;2
1222146;2012-12-20;Quinta;10:30:00;SP;116;220.0;GUARULHOS;Velocidade incompatível;Colisão lateral;Com Vítimas Feridas;Pleno dia;Crescente;Ceu Claro;Múltipla;Reta;Urbano;3;3
1222196;2012-12-20;Quinta;18:40:00;SP;116;155.2;SAO JOSE DOS CAMPOS;Não guardar distância de segurança;Colisão traseira;Sem Vítimas;Anoitecer;Crescente;Chuva;Dupla;Reta;Urbano;2;2
1222260;2012-12-20;Quinta;18:45:00;SP;116;155.2;SAO JOSE DOS CAMPOS;Não guardar distância de segurança;Colisão traseira;Sem Vítimas;Pleno dia;Crescente;Chuva;Dupla;Reta;Urbano;2;2
1222302;2012-12-21;Sexta;12:30:00;SP;116;209.0;GUARULHOS;Não guardar distância de segurança;Colisão lateral;Sem Vítimas;Pleno dia;Decrescente;Ceu Claro;Simples;Reta;Urbano;2;2
1222303;2012-12-19;Quarta;23:00:00;SP;116;221.0;GUARULHOS;Falta de atenção;Colisão traseira;Sem Vítimas;Plena noite;Crescente;Chuva;Múltipla;Reta;Urbano;2;2
1222348;2012-12-21;Sexta;08:30:00;SP;116;144.9;SAO JOSE DOS CAMPOS;Não guardar distância de segurança;Colisão traseira;Sem Vítimas;Pleno dia;Decrescente;Sol;Dupla;Reta;Urbano;3;3
1222385;2012-12-18;Terça;22:30:00;SP;116;182.5;SANTA ISABEL;Ingestão de álcool;Colisão traseira;Sem Vítimas;Plena noite;Decrescente;Nublado;Múltipla;Reta;Rural;3;2
1222401;2012-12-16;Domingo;20:45:00;SP;116;214.0;GUARULHOS;Ingestão de álcool;Colisão traseira;Sem Vítimas;Plena noite;Decrescente;Ceu Claro;Múltipla;Reta;Urbano;3;3
1222426;2012-12-13;Quinta;22:20:00;SP;116;219.8;GUARULHOS;Falta de atenção;Colisão com objeto fixo;Sem Vítimas;Plena noite;Decrescente;Chuva;Múltipla;Reta;Urbano;1;1
1222506;2012-12-21;Sexta;09:24:00;SP;116;146.0;SAO JOSE DOS CAMPOS;Não guardar distância de segurança;Colisão lateral;Com Vítimas Feridas;Pleno dia;Decrescente;Nublado;Múltipla;Reta;Urbano;2;2
1222528;2012-12-20;Quinta;00:50:00;SP;116;144.4;SAO JOSE DOS CAMPOS;Falta de atenção;Colisão traseira;Com Vítimas Feridas;Plena noite;Crescente;Chuva;Múltipla;Reta;Urbano;2;2
1222549;2012-12-20;Quinta;13:00:00;SP;116;220.0;GUARULHOS;Outras;Colisão lateral;Sem Vítimas;Pleno dia;Crescente;Ceu Claro;Múltipla;Reta;Urbano;2;2
1222563;2012-12-21;Sexta;11:30:00;SP;116;229.0;SAO PAULO;Não guardar distância de segurança;Colisão lateral;Com Vítimas Feridas;Pleno dia;Crescente;Ceu Claro;Múltipla;Reta;Urbano;2;2
1222603;2012-12-21;Sexta;08:20:00;SP;116;220.5;GUARULHOS;Não guardar distância de segurança;Colisão traseira;Com Vítimas Feridas;Pleno dia;Crescente;Sol;Múltipla;Reta;Urbano;2;2
1222664;2012-12-10;Segunda;23:50:00;SP;116;218.3;GUARULHOS;Outras;Tombamento;Sem Vítimas;Plena noite;Crescente;Chuva;Múltipla;Reta;Urbano;1;1
1222687;2012-12-14;Sexta;20:00:00;SP;116;222.0;GUARULHOS;Outras;Queda de motocicleta / bicicleta / veículo;Com Vítimas Feridas;Plena noite;Crescente;Chuva;Múltipla;Reta;Urbano;1;1
1222883;2012-12-21;Sexta;21:50:00;SP;116;225.0;GUARULHOS;Não guardar distância de segurança;Queda de motocicleta / bicicleta / veículo;Ignorado;Plena noite;Decrescente;Nublado;Múltipla;Reta;Urbano;1;1
1222959;2012-12-15;Sábado;00:30:00;SP;116;222.0;GUARULHOS;Falta de atenção;Colisão lateral;Sem Vítimas;Plena noite;Decrescente;Ceu Claro;Múltipla;Reta;Urbano;2;2
1222970;2012-12-22;Sábado;07:40:00;SP;116;172.5;GUARAREMA;Outras;Colisão com objeto fixo;Com Vítimas Feridas;Pleno dia;Decrescente;Ceu Claro;Dupla;Reta;Rural;4;1
1223037;2012-12-20;Quinta;15:10:00;SP;116;227.0;SAO PAULO;Falta de atenção;Colisão traseira;Com Vítimas Feridas;Pleno dia;Decrescente;Ceu Claro;Múltipla;Reta;Urbano;2;2
1223042;2012-12-14;Sexta;10:45:00;SP;116;227.0;GUARULHOS;Falta de atenção;Colisão traseira;Sem Vítimas;Pleno dia;Decrescente;Sol;Múltipla;Reta;Urbano;2;2
1223052;2012-12-20;Quinta;22:15:00;SP;116;229.5;SAO PAULO;Falta de atenção;Colisão traseira;Com Vítimas Feridas;Plena noite;Crescente;Chuva;Múltipla;Reta;Urbano;3;3
1223073;2012-12-15;Sábado;06:50:00;SP;116;207.0;GUARULHOS;Dormindo;Tombamento;Sem Vítimas;Amanhecer;Decrescente;Ceu Claro;Dupla;Reta;Urbano;1;1
1223110;2012-12-22;Sábado;13:00:00;SP;116;218.0;GUARULHOS;Outras;Colisão lateral;Sem Vítimas;Pleno dia;Crescente;Chuva;Simples;Reta;Urbano;2;2
1223272;2012-10-18;Quinta;22:00:00;SP;116;212.0;GUARULHOS;Outras;Colisão com objeto fixo;Sem Vítimas;Plena noite;Crescente;Chuva;Múltipla;Reta;Urbano;3;3
1223283;2012-12-20;Quinta;17:50:00;SP;116;131.5;CACAPAVA;Falta de atenção;Colisão traseira;Sem Vítimas;Pleno dia;Crescente;Chuva;Dupla;Reta;Urbano;3;3
1223310;2012-12-20;Quinta;09:00:00;SP;116;210.0;GUARULHOS;Falta de atenção;Colisão traseira;Sem Vítimas;Pleno dia;Crescente;Sol;Múltipla;Cruzamento;Urbano;2;2
1223359;2012-12-22;Sábado;16:30:00;SP;116;116.0;TAUBATE;Outras;Colisão traseira;Sem Vítimas;Pleno dia;Decrescente;Nublado;Dupla;Reta;Urbano;2;2
1223368;2012-12-22;Sábado;07:40:00;SP;116;146.9;SAO JOSE DOS CAMPOS;Não guardar distância de segurança;Colisão traseira;Sem Vítimas;Amanhecer;Decrescente;Nublado;Dupla;Reta;Rural;4;4
1223371;2012-12-22;Sábado;07:45:00;SP;116;145.8;SAO JOSE DOS CAMPOS;Não guardar distância de segurança;Colisão traseira;Sem Vítimas;Amanhecer;Decrescente;Nublado;Múltipla;Reta;Rural;3;3
1223373;2012-12-22;Sábado;17:25:00;SP;116;116.0;TAUBATE;Outras;Colisão traseira;Sem Vítimas;Pleno dia;Crescente;Chuva;Dupla;Reta;Urbano;2;2
1223374;2012-12-22;Sábado;17:30:00;SP;116;147.0;SAO JOSE DOS CAMPOS;Falta de atenção;Colisão lateral;Sem Vítimas;Pleno dia;Crescente;Nublado;Múltipla;Reta;Rural;2;2
1223394;2012-12-22;Sábado;13:50:00;SP;116;109.0;TAUBATE;Outras;Colisão traseira;Sem Vítimas;Pleno dia;Decrescente;Chuva;Dupla;Reta;Urbano;3;3
1223454;2012-12-22;Sábado;07:30:00;SP;116;118.6;TAUBATE;Outras;Colisão traseira;Sem Vítimas;Pleno dia;Decrescente;Sol;Dupla;Reta;Urbano;3;3
1223457;2012-12-22;Sábado;14:30:00;SP;116;212.0;GUARULHOS;Velocidade incompatível;Colisão Transversal;Sem Vítimas;Pleno dia;Crescente;Chuva;Múltipla;Reta;Urbano;3;2
1223486;2012-12-22;Sábado;12:15:00;SP;116;125.2;CACAPAVA;Outras;Colisão traseira;Sem Vítimas;Pleno dia;Crescente;Chuva;Dupla;Reta;Urbano;2;2
1223492;2012-12-19;Quarta;15:00:00;SP;116;145.8;SAO JOSE DOS CAMPOS;Falta de atenção;Colisão lateral;Sem Vítimas;Pleno dia;Crescente;Chuva;Dupla;Reta;Urbano;3;3
1223514;2012-12-22;Sábado;16:15:00;SP;116;114.9;TAUBATE;Outras;Colisão traseira;Sem Vítimas;Pleno dia;Decrescente;Chuva;Dupla;Reta;Urbano;3;3
1223650;2012-12-23;Domingo;06:00:00;SP;116;202.0;ARUJA;Outras;Colisão com objeto fixo;Sem Vítimas;Plena noite;Decrescente;Chuva;Dupla;Reta;Urbano;1;1
1223658;2012-12-23;Domingo;05:30:00;SP;116;152.2;SAO JOSE DOS CAMPOS;Outras;Queda de motocicleta / bicicleta / veículo;Com Vítimas Feridas;Amanhecer;Crescente;Chuva;Dupla;Reta;Urbano;3;2
1223672;2012-12-19;Quarta;20:40:00;SP;116;227.1;GUARULHOS;Não guardar distância de segurança;Colisão traseira;Sem Vítimas;Plena noite;Decrescente;Nublado;Múltipla;Reta;Urbano;2;2
1223680;2012-12-21;Sexta;13:00:00;SP;116;119.0;TAUBATE;Falta de atenção;Colisão traseira;Com Vítimas Feridas;Pleno dia;Crescente;Sol;Dupla;Reta;Urbano;6;4
1223727;2012-12-21;Sexta;01:50:00;SP;116;131.2;CACAPAVA;Falta de atenção;Colisão traseira;Sem Vítimas;Amanhecer;Crescente;Chuva;Dupla;Reta;Urbano;2;2
1223803;2012-12-21;Sexta;09:00:00;SP;116;119.0;TAUBATE;Falta de atenção;Capotamento;Com Vítimas Feridas;Pleno dia;Crescente;Sol;Dupla;Reta;Rural;1;1
1223828;2012-12-21;Sexta;15:30:00;SP;116;130.7;CACAPAVA;Falta de atenção;Atropelamento de pessoa;Com Vítimas Feridas;Pleno dia;Crescente;Sol;Dupla;Reta;Urbano;2;1
1223862;2012-12-21;Sexta;16:45:00;SP;116;125.3;CACAPAVA;Falta de atenção;Colisão traseira;Sem Vítimas;Pleno dia;Decrescente;Nublado;Dupla;Reta;Urbano;3;3
1223908;2012-12-22;Sábado;06:30:00;SP;116;117.2;TAUBATE;Falta de atenção;Colisão traseira;Sem Vítimas;Pleno dia;Decrescente;Sol;Dupla;Reta;Rural;3;3
1223943;2012-12-23;Domingo;07:55:00;SP;116;133.2;CACAPAVA;Não guardar distância de segurança;Colisão traseira;Sem Vítimas;Pleno dia;Decrescente;Chuva;Múltipla;Reta;Urbano;2;2
1223969;2012-12-23;Domingo;08:00:00;SP;116;134.0;SAO JOSE DOS CAMPOS;Não guardar distância de segurança;Colisão traseira;Sem Vítimas;Pleno dia;Decrescente;Chuva;Múltipla;Reta;Urbano;2;2
1223991;2012-12-15;Sábado;16:30:00;SP;116;224.0;GUARULHOS;Outras;Colisão traseira;Sem Vítimas;Pleno dia;Crescente;Nublado;Múltipla;Reta;Urbano;2;2
1224004;2012-12-23;Domingo;15:15:00;SP;116;218.2;GUARULHOS;Não guardar distância de segurança;Colisão traseira;Com Vítimas Feridas;Pleno dia;Decrescente;Chuva;Múltipla;Reta;Urbano;6;5
1224027;2012-12-23;Domingo;07:00:00;SP;116;182.3;SANTA ISABEL;Falta de atenção;Colisão traseira;Sem Vítimas;Pleno dia;Decrescente;Chuva;Múltipla;Reta;Urbano;2;2
1224066;2012-12-23;Domingo;15:50:00;SP;116;145.0;SAO JOSE DOS CAMPOS;Outras;Colisão traseira;Sem Vítimas;Pleno dia;Decrescente;Chuva;Múltipla;Reta;Urbano;2;2
1224125;2012-12-23;Domingo;09:00:00;SP;116;136.6;SAO JOSE DOS CAMPOS;Não guardar distância de segurança;Colisão traseira;Sem Vítimas;Pleno dia;Decrescente;Chuva;Dupla;Reta;Urbano;3;3
1224151;2012-12-19;Quarta;15:30:00;SP;116;102.0;PINDAMONHANGABA;Outras;Colisão traseira;Com Vítimas Feridas;Pleno dia;Decrescente;Chuva;Múltipla;Reta;Rural;2;2
1224288;2012-12-21;Sexta;22:00:00;SP;116;142.6;SAO JOSE DOS CAMPOS;Outras;Colisão traseira;Com Vítimas Feridas;Pleno dia;Decrescente;Ceu Claro;Dupla;Reta;Urbano;2;2
1224358;2012-12-21;Sexta;14:30:00;SP;116;148.8;SAO JOSE DOS CAMPOS;Não guardar distância de segurança;Colisão traseira;Sem Vítimas;Pleno dia;Decrescente;Sol;Múltipla;Reta;Urbano;6;6
1224483;2012-12-14;Sexta;15:00:00;SP;116;108.0;TAUBATE;Outras;Colisão traseira;Sem Vítimas;Pleno dia;Decrescente;Nublado;Dupla;Reta;Urbano;3;3
1224550;2012-12-20;Quinta;08:00:00;SP;116;145.5;SAO JOSE DOS CAMPOS;Falta de atenção;Colisão lateral;Sem Vítimas;Pleno dia;Crescente;Ceu Claro;Dupla;Reta;Urbano;2;2
1224552;2012-12-14;Sexta;12:15:00;SP;116;99.0;PINDAMONHANGABA;Defeito mecânico em veículo;Queda de motocicleta / bicicleta / veículo;Com Vítimas Feridas;Pleno dia;Decrescente;Ceu Claro;Dupla;Reta;Urbano;1;1
1224597;2012-12-16;Domingo;12:05:00;SP;116;126.0;CACAPAVA;Outras;Colisão com objeto fixo;Sem Vítimas;Pleno dia;Crescente;Chuva;Dupla;Reta;Urbano;1;1
1224601;2012-12-17;Segunda;11:00:00;SP;116;182.7;SANTA ISABEL;Outras;Colisão com objeto fixo;Sem Vítimas;Pleno dia;Decrescente;Chuva;Dupla;Reta;Rural;1;1
1224618;2012-12-18;Terça;17:50:00;SP;116;132.0;CACAPAVA;Outras;Colisão traseira;Sem Vítimas;Pleno dia;Decrescente;Sol;Dupla;Reta;Urbano;3;3
1224620;2012-12-17;Segunda;21:13:00;SP;116;179.0;GUARAREMA;Falta de atenção;Saída de Pista;Sem Vítimas;Plena noite;Crescente;Ceu Claro;Dupla;Reta;Rural;1;1
1224631;2012-12-21;Sexta;02:25:00;SP;116;120.2;CACAPAVA;Outras;Saída de Pista;Sem Vítimas;Plena noite;Decrescente;Chuva;Dupla;Reta;Rural;1;1
1224666;2012-12-21;Sexta;19:00:00;SP;116;212.0;GUARULHOS;Outras;Colisão lateral;Com Vítimas Feridas;Anoitecer;Decrescente;Ceu Claro;Múltipla;Reta;Urbano;2;2
1224672;2012-12-21;Sexta;07:10:00;SP;116;145.0;SAO JOSE DOS CAMPOS;Não guardar distância de segurança;Colisão traseira;Sem Vítimas;Pleno dia;Decrescente;Nublado;Múltipla;Reta;Urbano;2;2
1224673;2012-12-20;Quinta;15:30:00;SP;116;150.2;SAO JOSE DOS CAMPOS;Outras;Queda de motocicleta / bicicleta / veículo;Com Vítimas Feridas;Pleno dia;Decrescente;Sol;Múltipla;Reta;Urbano;1;1
1224675;2012-12-20;Quinta;18:40:00;SP;116;156.2;SAO JOSE DOS CAMPOS;Não guardar distância de segurança;Colisão traseira;Sem Vítimas;Anoitecer;Decrescente;Chuva;Dupla;Reta;Urbano;6;3
1224725;2012-12-24;Segunda;19:50:00;SP;116;161.5;SAO JOSE DOS CAMPOS;Outras;Queda de motocicleta / bicicleta / veículo;Com Vítimas Feridas;Pleno dia;Crescente;Nublado;Simples;Curva;Rural;1;1
1224829;2012-12-25;Terça;04:40:00;SP;116;147.9;SAO JOSE DOS CAMPOS;Outras;Queda de motocicleta / bicicleta / veículo;Com Vítimas Feridas;Amanhecer;Crescente;Ceu Claro;Dupla;Reta;Rural;1;1
1224908;2012-12-23;Domingo;07:00:00;SP;116;182.0;GUARAREMA;Falta de atenção;Colisão traseira;Sem Vítimas;Amanhecer;Decrescente;Ceu Claro;Dupla;Reta;Urbano;2;2
1224925;2012-12-21;Sexta;13:30:00;SP;116;124.3;TAUBATE;Falta de atenção;Colisão traseira;Sem Vítimas;Pleno dia;Crescente;Sol;Dupla;Reta;Rural;3;3
1224937;2012-12-21;Sexta;11:00:00;SP;116;211.0;GUARULHOS;Falta de atenção;Colisão traseira;Sem Vítimas;Pleno dia;Decrescente;Ceu Claro;Múltipla;Reta;Urbano;2;2
1224962;2012-12-24;Segunda;23:45:00;SP;116;212.0;GUARULHOS;Velocidade incompatível;Colisão traseira;Com Vítimas Feridas;Plena noite;Crescente;Nublado;Múltipla;Reta;Urbano;4;2
1224963;2012-12-21;Sexta;16:00:00;SP;116;220.0;GUARULHOS;Falta de atenção;Colisão traseira;Com Vítimas Feridas;Pleno dia;Crescente;Chuva;Múltipla;Reta;Urbano;2;2
1224970;2012-12-22;Sábado;04:40:00;SP;116;218.0;GUARULHOS;Não guardar distância de segurança;Colisão lateral;Sem Vítimas;Plena noite;Decrescente;Nublado;Múltipla;Reta;Urbano;2;2
1224971;2012-12-21;Sexta;16:40:00;SP;116;126.4;CACAPAVA;Falta de atenção;Colisão traseira;Sem Vítimas;Pleno dia;Decrescente;Sol;Dupla;Reta;Urbano;2;2
1225087;2012-12-25;Terça;15:00:00;SP;116;223.0;GUARULHOS;Outras;Saída de Pista;Sem Vítimas;Pleno dia;Decrescente;Ceu Claro;Múltipla;Reta;Urbano;1;1
1225175;2012-12-21;Sexta;23:30:00;SP;116;216.0;GUARULHOS;Falta de atenção;Colisão traseira;Com Vítimas Feridas;Plena noite;Decrescente;Nublado;Múltipla;Reta;Urbano;4;3
1225358;2012-11-28;Quarta;20:30:00;SP;116;223.0;GUARULHOS;Desobediência à sinalização;Colisão Transversal;Com Vítimas Feridas;Plena noite;Decrescente;Ceu Claro;Dupla;Reta;Urbano;2;2
1225371;2012-12-23;Domingo;14:00:00;SP;116;228.8;SAO PAULO;Velocidade incompatível;Colisão com objeto fixo;Sem Vítimas;Pleno dia;Crescente;Ceu Claro;Múltipla;Reta;Urbano;1;1
1225394;2012-12-22;Sábado;12:30:00;SP;116;124.0;CACAPAVA;Outras;Colisão traseira;Sem Vítimas;Pleno dia;Decrescente;Nublado;Dupla;Reta;Rural;6;6
1225400;2012-12-22;Sábado;23:00:00;SP;116;226.0;GUARULHOS;Não guardar distância de segurança;Colisão traseira;Sem Vítimas;Plena noite;Decrescente;Chuva;Múltipla;Reta;Urbano;3;3