id;data_inversa;dia_semana;horario;uf;br;km;municipio;causa_acidente;tipo_acidente;classificacao_acidente;fase_dia;sentido_via;condicao_metereologica;tipo_pista;tracado_via;uso_solo;pessoas;veiculos
1225413;2012-12-26;Quarta;08:40:00;SP;116;108.5;TAUBATE;Outras;Colisão traseira;Sem Vítimas;Pleno dia;Decrescente;Sol;Dupla;Reta;Urbano;3;3
1225426;2012-12-21;Sexta;22:35:00;SP;116;150.7;SAO JOSE DOS CAMPOS;Ingestão de álcool;Colisão traseira;Sem Vítimas;Plena noite;Crescente;Ceu Claro;Múltipla;Reta;Urbano;2;2
1225433;2012-12-23;Domingo;00:00:00;SP;116;216.0;GUARULHOS;Outras;Atropelamento de pessoa;Com Vítimas Fatais;Plena noite;Decrescente;Nublado;Múltipla;Reta;Urbano;2;1
1225444;2012-12-26;Quarta;10:00:00;SP;116;102.6;PINDAMONHANGABA;Outras;Saída de Pista;Sem Vítimas;Pleno dia;Decrescente;Ceu Claro;Dupla;Reta;Urbano;1;1
1225589;2012-12-22;Sábado;12:40:00;SP;116;122.0;CACAPAVA;Outras;Colisão traseira;Sem Vítimas;Pleno dia;Decrescente;Nublado;Dupla;Reta;Rural;2;2
1225652;2012-12-22;Sábado;14:30:00;SP;116;109.7;TAUBATE;Outras;Colisão traseira;Com Vítimas Feridas;Pleno dia;Crescente;Chuva;Dupla;Reta;Urbano;3;2
1225665;2012-12-26;Quarta;12:15:00;SP;116;109.7;TAUBATE;Outras;Capotamento;Com Vítimas Feridas;Pleno dia;Decrescente;Sol;Dupla;Reta;Urbano;1;1
1225693;2012-12-23;Domingo;06:35:00;SP;116;108.9;TAUBATE;Outras;Colisão traseira;Sem Vítimas;Amanhecer;Decrescente;Chuva;Dupla;Reta;Urbano;4;4
1225752;2012-12-26;Quarta;15:00:00;SP;116;165.2;JACAREI;Velocidade incompatível;Colisão traseira;Sem Vítimas;Pleno dia;Crescente;Ceu Claro;Múltipla;Reta;Urbano;2;2
1225754;2012-12-26;Quarta;06:45:00;SP;116;108.2;TAUBATE;Outras;Colisão traseira;Sem Vítimas;Pleno dia;Decrescente;Ceu Claro;Dupla;Reta;Urbano;2;2
1225797;2012-12-26;Quarta;11:15:00;SP;116;115.0;TAUBATE;Outras;Colisão traseira;Sem Vítimas;Pleno dia;Decrescente;Ceu Claro;Dupla;Reta;Urbano;3;3
1225806;2012-12-26;Quarta;17:15:00;SP;116;141.0;SAO JOSE DOS CAMPOS;Outras;Colisão traseira;Sem Vítimas;Pleno dia;Crescente;Sol;Dupla;Reta;Urbano;3;3
1225829;2012-12-25;Terça;19:00:00;SP;116;131.7;CACAPAVA;Falta de atenção;Colisão traseira;Sem Vítimas;Pleno dia;Crescente;Chuva;Dupla;Reta;Urbano;3;3
1225923;2012-12-19;Quarta;17:50:00;SP;116;229.0;SAO PAULO;Não guardar distância de segurança;Colisão traseira;Com Vítimas Feridas;Pleno dia;Crescente;Chuva;Múltipla;Reta;Urbano;3;3
1226000;2012-12-22;Sábado;06:00:00;SP;116;165.0;JACAREI;Falta de atenção;Colisão traseira;Sem Vítimas;Amanhecer;Decrescente;Nublado;Múltipla;Reta;Rural;3;3
1226027;2012-12-26;Quarta;08:30:00;SP;116;217.0;GUARULHOS;Ingestão de álcool;Colisão traseira;Com Vítimas Feridas;Pleno dia;Decrescente;Ceu Claro;Múltipla;Reta;Urbano;3;3
1226141;2012-12-26;Quarta;06:00:00;SP;116;128.0;CACAPAVA;Ingestão de álcool;Colisão com objeto fixo;Sem Vítimas;Pleno dia;Decrescente;Ceu Claro;Dupla;Reta;Rural;1;1
1226144;2012-12-23;Domingo;15:50:00;SP;116;145.0;SAO JOSE DOS CAMPOS;Velocidade incompatível;Colisão com objeto móvel;Sem Vítimas;Pleno dia;Decrescente;Chuva;Dupla;Reta;Urbano;3;2
1226149;2012-12-25;Terça;06:30:00;SP;116;111.0;TAUBATE;Dormindo;Colisão com objeto fixo;Com Vítimas Feridas;Pleno dia;Decrescente;Sol;Dupla;Curva;Urbano;1;1
1226152;2012-12-27;Quinta;07:30:00;SP;116;117.4;TAUBATE;Não guardar distância de segurança;Colisão traseira;Sem Vítimas;Pleno dia;Crescente;Sol;Dupla;Reta;Urbano;2;2
1226165;2012-12-23;Domingo;15:20:00;SP;116;225.0;GUARULHOS;Outras;Colisão traseira;Sem Vítimas;Pleno dia;Decrescente;Ceu Claro;Múltipla;Reta;Urbano;2;2
1226282;2012-12-22;Sábado;11:00:00;SP;116;165.0;JACAREI;Falta de atenção;Colisão traseira;Sem Vítimas;Pleno dia;Crescente;Ceu Claro;Múltipla;Reta;Rural;2;2
1226405;2012-12-21;Sexta;00:10:00;SP;116;211.0;GUARULHOS;Falta de atenção;Colisão traseira;Com Vítimas Feridas;Plena noite;Decrescente;Chuva;Múltipla;Reta;Urbano;3;2
1226415;2012-12-18;Terça;17:30:00;SP;116;182.5;SANTA ISABEL;Não guardar distância de segurança;Colisão traseira;Sem Vítimas;Pleno dia;Decrescente;Ceu Claro;Múltipla;Reta;Rural;2;2
1226453;2012-12-25;Terça;01:45:00;SP;116;185.9;SANTA ISABEL;Ingestão de álcool;Colisão com objeto fixo;Sem Vítimas;Plena noite;Decrescente;Ceu Claro;Dupla;Curva;Rural;1;1
1226469;2012-12-27;Quinta;10:30:00;SP;116;167.0;JACAREI;Falta de atenção;Colisão traseira;Sem Vítimas;Pleno dia;Decrescente;Ceu Claro;Dupla;Reta;Urbano;2;2
1226493;2012-12-24;Segunda;06:30:00;SP;116;217.0;GUARULHOS;Ingestão de álcool;Queda de motocicleta / bicicleta / veículo;Com Vítimas Feridas;Amanhecer;Crescente;Ceu Claro;Simples;Reta;Urbano;1;1
1226574;2012-12-27;Quinta;10:19:00;SP;116;119.4;CACAPAVA;Não guardar distância de segurança;Colisão traseira;Sem Vítimas;Pleno dia;Decrescente;Sol;Dupla;Reta;Urbano;3;3
1226590;2012-12-27;Quinta;14:00:00;SP;116;144.5;SAO JOSE DOS CAMPOS;Não guardar distância de segurança;Colisão lateral;Com Vítimas Feridas;Pleno dia;Decrescente;Ceu Claro;Dupla;Reta;Rural;2;2
1226594;2012-12-27;Quinta;10:19:00;SP;116;119.4;CACAPAVA;Falta de atenção;Colisão com objeto fixo;Sem Vítimas;Pleno dia;Decrescente;Ceu Claro;Dupla;Reta;Urbano;1;1
1226595;2012-12-24;Segunda;15:55:00;SP;116;213.0;GUARULHOS;Outras;Saída de Pista;Sem Vítimas;Pleno dia;Decrescente;Ceu Claro;Múltipla;Reta;Urbano;1;1
1226613;2012-12-27;Quinta;16:37:00;SP;116;171.0;JACAREI;Não guardar distância de segurança;Colisão traseira;Sem Vítimas;Pleno dia;Crescente;Chuva;Dupla;Reta;Rural;3;3
1226677;2012-12-27;Quinta;18:50:00;SP;116;115.9;TAUBATE;Não guardar distância de segurança;Colisão traseira;Sem Vítimas;Anoitecer;Crescente;Ceu Claro;Dupla;Reta;Urbano;2;2
1226693;2012-12-27;Quinta;13:20:00;SP;116;117.5;TAUBATE;Não guardar distância de segurança;Colisão traseira;Sem Vítimas;Pleno dia;Decrescente;Sol;Dupla;Reta;Urbano;2;2
1226695;2012-12-25;Terça;00:35:00;SP;116;100.5;PINDAMONHANGABA;Animais na Pista;Atropelamento de animal;Com Vítimas Feridas;Plena noite;Crescente;Ceu Claro;Dupla;Reta;Rural;2;1
1226731;2012-12-27;Quinta;12:00:00;SP;116;116.0;TAUBATE;Falta de atenção;Colisão lateral;Sem Vítimas;Plena noite;Crescente;Sol;Dupla;Reta;Rural;2;2
1226748;2012-12-27;Quinta;15:15:00;SP;116;124.2;CACAPAVA;Não guardar distância de segurança;Colisão traseira;Sem Vítimas;Pleno dia;Decrescente;Nublado;Dupla;Reta;Rural;3;3
1226839;2012-12-28;Sexta;10:10:00;SP;116;215.0;GUARULHOS;Falta de atenção;Colisão lateral;Sem Vítimas;Pleno dia;Decrescente;Ceu Claro;Simples;Reta;Urbano;2;2
1226875;2012-12-20;Quinta;00:05:00;SP;116;152.0;SAO JOSE DOS CAMPOS;Outras;Colisão com objeto fixo;Sem Vítimas;Plena noite;Crescente;Chuva;Dupla;Reta;Urbano;1;1
1226892;2012-12-24;Segunda;03:40:00;SP;116;158.0;JACAREI;Outras;Colisão com bicicleta;Com Vítimas Fatais;Plena noite;Decrescente;Chuva;Simples;Reta;Urbano;2;2
1227017;2012-12-20;Quinta;22:15:00;SP;116;124.6;CACAPAVA;Outras;Colisão traseira;Sem Vítimas;Plena noite;Decrescente;Nublado;Dupla;Reta;Rural;2;2
1227022;2012-12-26;Quarta;15:15:00;SP;116;157.0;SAO JOSE DOS CAMPOS;Falta de atenção;Colisão traseira;Sem Vítimas;Pleno dia;Crescente;Sol;Dupla;Reta;Urbano;2;2
1227078;2012-12-28;Sexta;18:00:00;SP;116;221.0;GUARULHOS;Outras;Atropelamento de pessoa;Com Vítimas Feridas;Pleno dia;Decrescente;Ceu Claro;Múltipla;Reta;Urbano;2;1
1227083;2012-12-21;Sexta;06:40:00;SP;116;120.7;CACAPAVA;Outras;Colisão traseira;Sem Vítimas;Pleno dia;Decrescente;Nublado;Dupla;Reta;Rural;2;2
1227375;2012-12-25;Terça;20:20:00;SP;116;204.0;ARUJA;Falta de atenção;Colisão traseira;Sem Vítimas;Plena noite;Decrescente;Ceu Claro;Múltipla;Reta;Rural;2;2
1227415;2012-12-22;Sábado;15:00:00;SP;116;123.7;CACAPAVA;Não guardar distância de segurança;Colisão traseira;Sem Vítimas;Pleno dia;Decrescente;Chuva;Dupla;Reta;Rural;2;2
1227430;2012-12-22;Sábado;03:30:00;SP;116;223.1;GUARULHOS;Falta de atenção;Colisão traseira;Sem Vítimas;Plena noite;Crescente;Nublado;Múltipla;Reta;Urbano;2;2
1227438;2012-12-25;Terça;19:00:00;SP;116;108.5;TAUBATE;Falta de atenção;Colisão traseira;Sem Vítimas;Anoitecer;Crescente;Nublado;Dupla;Reta;Urbano;3;3
1227448;2012-12-22;Sábado;09:40:00;SP;116;138.5;SAO JOSE DOS CAMPOS;Outras;Colisão traseira;Sem Vítimas;Pleno dia;Decrescente;Ceu Claro;Dupla;Reta;Rural;2;2
1227450;2012-12-22;Sábado;16:15:00;SP;116;114.5;TAUBATE;Outras;Colisão traseira;Sem Vítimas;Pleno dia;Crescente;Chuva;Dupla;Reta;Urbano;2;2
1227462;2012-12-29;Sábado;06:00:00;SP;116;220.0;GUARULHOS;Falta de atenção;Colisão lateral;Sem Vítimas;Amanhecer;Decrescente;Ceu Claro;Múltipla;Reta;Urbano;4;2
1227500;2012-12-25;Terça;20:15:00;SP;116;101.7;PINDAMONHANGABA;Outras;Colisão com objeto fixo;Sem Vítimas;Plena noite;Decrescente;Nublado;Dupla;Reta;Rural;1;1
1227522;2012-12-29;Sábado;08:00:00;SP;116;156.7;SAO JOSE DOS CAMPOS;Não guardar distância de segurança;Colisão traseira;Com Vítimas Feridas;Pleno dia;Decrescente;Ceu Claro;Dupla;Reta;Urbano;4;3
1227529;2012-12-26;Quarta;01:00:00;SP;116;100.7;PINDAMONHANGABA;Outras;Capotamento;Com Vítimas Feridas;Plena noite;Crescente;Ceu Claro;Dupla;Reta;Rural;2;1
1227545;2012-12-29;Sábado;13:15:00;SP;116;223.0;GUARULHOS;Não guardar distância de segurança;Colisão lateral;Sem Vítimas;Pleno dia;Crescente;Sol;Múltipla;Reta;Urbano;2;2
1227560;2012-12-29;Sábado;07:10:00;SP;116;118.8;TAUBATE;Não guardar distância de segurança;Colisão traseira;Sem Vítimas;Pleno dia;Decrescente;Sol;Dupla;Reta;Urbano;5;5
1227586;2012-12-29;Sábado;09:10:00;SP;116;141.9;SAO JOSE DOS CAMPOS;Falta de atenção;Colisão traseira;Sem Vítimas;Pleno dia;Decrescente;Sol;Dupla;Reta;Urbano;2;2
1227613;2012-12-29;Sábado;11:10:00;SP;116;122.7;CACAPAVA;Não guardar distância de segurança;Colisão traseira;Sem Vítimas;Pleno dia;Decrescente;Sol;Dupla;Reta;Rural;4;4
1227639;2012-12-29;Sábado;11:00:00;SP;116;117.8;TAUBATE;Não guardar distância de segurança;Colisão traseira;Com Vítimas Feridas;Pleno dia;Decrescente;Sol;Dupla;Reta;Urbano;5;4
1227703;2012-12-29;Sábado;17:30:00;SP;116;223.0;GUARULHOS;Outras;Saída de Pista;Sem Vítimas;Anoitecer;Decrescente;Chuva;Múltipla;Reta;Urbano;1;1
1227764;2012-12-28;Sexta;23:50:00;SP;116;214.0;GUARULHOS;Outras;Colisão traseira;Sem Vítimas;Plena noite;Decrescente;Ceu Claro;Múltipla;Reta;Urbano;3;2
1227765;2012-12-28;Sexta;06:10:00;SP;116;166.0;JACAREI;Falta de atenção;Colisão Transversal;Sem Vítimas;Amanhecer;Decrescente;Ceu Claro;Dupla;Reta;Urbano;4;2
1227794;2012-12-27;Quinta;15:25:00;SP;116;154.0;SAO JOSE DOS CAMPOS;Não guardar distância de segurança;Colisão traseira;Sem Vítimas;Pleno dia;Decrescente;Chuva;Dupla;Reta;Urbano;4;3
1227820;2012-12-14;Sexta;17:15:00;SP;116;202.0;ARUJA;Falta de atenção;Colisão lateral;Sem Vítimas;Pleno dia;Decrescente;Chuva;Dupla;Reta;Urbano;2;2
1228005;2012-12-21;Sexta;03:05:00;SP;116;146.0;SAO JOSE DOS CAMPOS;Defeito mecânico em veículo;Colisão com objeto móvel;Sem Vítimas;Plena noite;Decrescente;Ceu Claro;Dupla;Reta;Rural;3;3
1228058;2012-12-06;Quinta;08:40:00;SP;116;210.3;GUARULHOS;Não guardar distância de segurança;Colisão traseira;Com Vítimas Feridas;Pleno dia;Crescente;Ceu Claro;Múltipla;Reta;Urbano;2;2
1228068;2012-12-07;Sexta;04:35:00;SP;116;212.0;GUARULHOS;Falta de atenção;Colisão traseira;Sem Vítimas;Plena noite;Crescente;Ceu Claro;Múltipla;Reta;Urbano;2;2
1228071;2012-12-27;Quinta;06:50:00;SP;116;114.0;TAUBATE;Outras;Colisão lateral;Sem Vítimas;Pleno dia;Decrescente;Sol;Dupla;Reta;Urbano;2;2
1228078;2012-12-28;Sexta;23:50:00;SP;116;111.9;TAUBATE;Outras;Colisão com objeto fixo;Sem Vítimas;Plena noite;Decrescente;Ceu Claro;Dupla;Reta;Urbano;1;1
1228090;2012-12-29;Sábado;07:10:00;SP;116;119.0;TAUBATE;Outras;Colisão traseira;Com Vítimas Feridas;Pleno dia;Decrescente;Ceu Claro;Dupla;Reta;Rural;3;2
1228096;2012-12-14;Sexta;18:50:00;SP;116;228.0;SAO PAULO;Falta de atenção;Colisão traseira;Sem Vítimas;Anoitecer;Decrescente;Chuva;Múltipla;Reta;Urbano;2;2
1228108;2012-12-26;Quarta;20:45:00;SP;116;127.1;CACAPAVA;Outras;Colisão traseira;Sem Vítimas;Plena noite;Decrescente;Nublado;Dupla;Curva;Urbano;2;2
1228114;2012-12-14;Sexta;15:00:00;SP;116;218.0;GUARULHOS;Outras;Colisão lateral;Sem Vítimas;Pleno dia;Decrescente;Chuva;Múltipla;Reta;Urbano;2;2
1228147;2012-12-27;Quinta;03:30:00;SP;116;114.6;TAUBATE;Outras;Colisão traseira;Com Vítimas Feridas;Plena noite;Decrescente;Nublado;Dupla;Reta;Urbano;2;2
1228149;2012-12-27;Quinta;18:30:00;SP;116;223.0;GUARULHOS;Falta de atenção;Queda de motocicleta / bicicleta / veículo;Com Vítimas Feridas;Pleno dia;Decrescente;Chuva;Múltipla;Reta;Urbano;3;2
1228181;2012-12-21;Sexta;11:50:00;SP;116;155.8;SAO JOSE DOS CAMPOS;Não guardar distância de segurança;Colisão lateral;Sem Vítimas;Pleno dia;Crescente;Ceu Claro;Simples;Reta;Urbano;2;2
1228315;2012-12-22;Sábado;14:00:00;SP;116;107.0;TAUBATE;Outras;Colisão traseira;Sem Vítimas;Pleno dia;Decrescente;Sol;Dupla;Reta;Urbano;2;2
1228341;2012-12-19;Quarta;07:00:00;SP;116;211.0;GUARULHOS;Falta de atenção;Colisão traseira;Com Vítimas Feridas;Amanhecer;Crescente;Sol;Múltipla;Reta;Urbano;2;2
1228395;2012-12-19;Quarta;03:00:00;SP;116;212.0;GUARULHOS;Não guardar distância de segurança;Colisão traseira;Sem Vítimas;Plena noite;Decrescente;Ceu Claro;Dupla;Reta;Urbano;2;2
1228402;2012-12-22;Sábado;08:00:00;SP;116;218.0;GUARULHOS;Animais na Pista;Colisão com objeto fixo;Sem Vítimas;Pleno dia;Decrescente;Sol;Múltipla;Reta;Urbano;1;1
1228504;2012-12-29;Sábado;20:30:00;SP;116;126.8;CACAPAVA;Ingestão de álcool;Colisão traseira;Sem Vítimas;Plena noite;Crescente;Ceu Claro;Dupla;Reta;Urbano;2;2
1228545;2012-12-29;Sábado;01:30:00;SP;116;167.0;JACAREI;Outras;Colisão com objeto fixo;Sem Vítimas;Plena noite;Crescente;Ceu Claro;Dupla;Curva;Urbano;1;1
1228661;2012-12-31;Segunda;06:00:00;SP;116;216.5;GUARULHOS;Outras;Colisão com objeto fixo;Sem Vítimas;Amanhecer;Crescente;Nublado;Simples;Reta;Urbano;1;1
1228787;2012-12-27;Quinta;13:00:00;SP;116;115.9;TAUBATE;Falta de atenção;Colisão traseira;Sem Vítimas;Pleno dia;Decrescente;Sol;Dupla;Reta;Rural;3;3
1229013;2012-12-28;Sexta;13:20:00;SP;116;209.0;GUARULHOS;Outras;Queda de motocicleta / bicicleta / veículo;Sem Vítimas;Pleno dia;Decrescente;Ceu Claro;Dupla;Reta;Urbano;1;1
1229018;2012-12-20;Quinta;12:00:00;SP;116;212.0;GUARULHOS;Outras;Colisão traseira;Sem Vítimas;Pleno dia;Crescente;Ceu Claro;Múltipla;Reta;Urbano;5;5
1229281;2012-12-29;Sábado;09:18:00;SP;116;142.3;SAO JOSE DOS CAMPOS;Não guardar distância de segurança;Colisão traseira;Sem Vítimas;Pleno dia;Decrescente;Nublado;Dupla;Reta;Urbano;2;2
1229308;2012-12-28;Sexta;08:30:00;SP;116;117.5;TAUBATE;Outras;Colisão traseira;Sem Vítimas;Pleno dia;Decrescente;Ceu Claro;Dupla;Reta;Urbano;3;3
1229431;2012-12-21;Sexta;16:00:00;SP;116;119.0;TAUBATE;Outras;Colisão traseira;Sem Vítimas;Pleno dia;Crescente;Chuva;Simples;Reta;Rural;2;2
1229455;2012-12-21;Sexta;10:10:00;SP;116;124.3;CACAPAVA;Falta de atenção;Colisão traseira;Sem Vítimas;Pleno dia;Decrescente;Ceu Claro;Simples;Reta;Rural;4;4
1229508;2012-12-22;Sábado;08:50:00;SP;116;155.8;JACAREI;Falta de atenção;Colisão lateral;Sem Vítimas;Pleno dia;Crescente;Sol;Dupla;Reta;Urbano;2;2
1229521;2012-12-29;Sábado;07:35:00;SP;116;122.0;CACAPAVA;Outras;Colisão traseira;Sem Vítimas;Pleno dia;Decrescente;Nublado;Dupla;Reta;Rural;2;2
1229533;2012-12-29;Sábado;19:30:00;SP;116;210.0;GUARULHOS;Falta de atenção;Colisão lateral;Sem Vítimas;Anoitecer;Crescente;Chuva;Múltipla;Reta;Urbano;2;2
1230063;2012-12-31;Segunda;00:50:00;SP;116;135.3;SAO JOSE DOS CAMPOS;Defeito mecânico em veículo;Incêndio;Sem Vítimas;Plena noite;Decrescente;Ignorada;Dupla;Reta;Urbano;1;1
1230231;2012-12-24;Segunda;15:50:00;SP;116;228.0;SAO PAULO;Falta de atenção;Colisão traseira;Sem Vítimas;Pleno dia;Crescente;Nublado;Múltipla;Curva;Urbano;2;2
1230260;2012-12-28;Sexta;14:40:00;SP;116;200.0;ARUJA;Falta de atenção;Colisão traseira;Com Vítimas Feridas;Pleno dia;Crescente;Ceu Claro;Dupla;Reta;Urbano;3;2
1230284;2012-12-15;Sábado;02:40:00;SP;116;223.0;GUARULHOS;Falta de atenção;Colisão traseira;Sem Vítimas;Plena noite;Decrescente;Ceu Claro;Múltipla;Reta;Urbano;4;4
1230356;2012-12-26;Quarta;20:20:00;SP;116;229.8;SAO PAULO;Animais na Pista;Atropelamento de animal;Sem Vítimas;Plena noite;Crescente;Ceu Claro;Múltipla;Reta;Urbano;1;1
1230371;2012-12-27;Quinta;21:00:00;SP;116;223.0;GUARULHOS;Outras;Colisão com objeto fixo;Sem Vítimas;Plena noite;Decrescente;Ceu Claro;Múltipla;Reta;Urbano;2;2
1230442;2012-12-29;Sábado;14:40:00;SP;116;202.3;ARUJA;Falta de atenção;Derramamento de Carga;Sem Vítimas;Pleno dia;Decrescente;Ceu Claro;Dupla;Curva;Urbano;1;1
1231129;2012-12-15;Sábado;14:30:00;SP;116;218.0;GUARULHOS;Falta de atenção;Colisão traseira;Sem Vítimas;Pleno dia;Decrescente;Nublado;Simples;Reta;Urbano;2;2
1231317;2012-12-27;Quinta;19:20:00;SP;116;165.2;JACAREI;Falta de atenção;Colisão traseira;Sem Vítimas;Anoitecer;Decrescente;Ceu Claro;Múltipla;Reta;Rural;3;3
1231348;2012-12-22;Sábado;16:40:00;SP;116;116.3;TAUBATE;Outras;Colisão traseira;Sem Vítimas;Pleno dia;Decrescente;Chuva;Dupla;Reta;Urbano;2;2
1231431;2012-12-30;Domingo;07:10:00;SP;116;101.1;PINDAMONHANGABA;Outras;Colisão com objeto fixo;Sem Vítimas;Pleno dia;Decrescente;Chuva;Múltipla;Reta;Urbano;1;1
1231542;2012-12-30;Domingo;04:30:00;SP;116;110.0;TAUBATE;Outras;Capotamento;Com Vítimas Feridas;Amanhecer;Crescente;Chuva;Simples;Reta;Rural;1;1
1232597;2012-09-18;Terça;05:45:00;SP;116;220.0;GUARULHOS;Velocidade incompatível;Colisão traseira;Com Vítimas Feridas;Amanhecer;Crescente;Ceu Claro;Múltipla;Reta;Urbano;3;2
1233106;2012-12-03;Segunda;04:48:00;SP;116;155.0;SAO JOSE DOS CAMPOS;Animais na Pista;Atropelamento de animal;Sem Vítimas;Plena noite;Decrescente;Nublado;Dupla;Reta;Urbano;3;2
1233683;2012-12-22;Sábado;01:00:00;SP;116;185.0;SANTA ISABEL;Ingestão de álcool;Colisão traseira;Sem Vítimas;Plena noite;Decrescente;Nublado;Simples;Reta;Rural;2;2
1234381;2012-12-26;Quarta;09:30:00;SP;116;225.0;GUARULHOS;Defeito mecânico em veículo;Colisão traseira;Sem Vítimas;Pleno dia;Crescente;Sol;Múltipla;Reta;Urbano;2;2
1235289;2012-12-22;Sábado;07:15:00;SP;116;227.1;GUARULHOS;Outras;Atropelamento de pessoa;Com Vítimas Fatais;Pleno dia;Crescente;Nublado;Múltipla;Reta;Urbano;2;1
1235318;2012-12-22;Sábado;23:00:00;SP;116;226.0;GUARULHOS;Falta de atenção;Colisão traseira;Sem Vítimas;Plena noite;Decrescente;Chuva;Múltipla;Reta;Urbano;2;2
1240733;2012-12-19;Quarta;15:00:00;SP;116;220.0;GUARULHOS;Falta de atenção;Colisão lateral;Com Vítimas Feridas;Pleno dia;Crescente;Sol;Simples;Reta;Urbano;1;1
1241077;2012-12-30;Domingo;19:10:00;SP;116;218.0;GUARULHOS;Outras;Colisão lateral;Sem Vítimas;Anoitecer;Decrescente;Chuva;Dupla;Reta;Urbano;2;2
1242870;2012-10-11;Quinta;18:00:00;SP;116;148.0;SAO JOSE DOS CAMPOS;Não guardar distância de segurança;Colisão traseira;Sem Vítimas;Anoitecer;Decrescente;Nublado;Simples;Reta;Urbano;3;3
1243298;2012-12-13;Quinta;21:00:00;SP;116;207.0;GUARULHOS;Outras;Colisão traseira;Sem Vítimas;Plena noite;Decrescente;Chuva;Múltipla;Reta;Urbano;3;3
1244968;2012-05-19;Sábado;14:55:00;SP;116;224.8;GUARULHOS;Falta de atenção;Colisão traseira;Com Vítimas Feridas;Pleno dia;Crescente;Ceu Claro;Múltipla;Reta;Urbano;2;2
1248860;2012-11-10;Sábado;12:25:00;SP;116;227.0;SAO PAULO;Outras;Colisão frontal;Sem Vítimas;Pleno dia;Decrescente;Ceu Claro;Múltipla;Reta;Urbano;2;2
1255779;2012-11-29;Quinta;07:05:00;SP;116;165.0;JACAREI;Falta de atenção;Colisão traseira;Sem Vítimas;Amanhecer;Decrescente;Ceu Claro;Dupla;Reta;Rural;2;2
1258573;2012-04-02;Segunda;07:00:00;SP;116;160.0;JACAREI;Outras;Colisão lateral;Com Vítimas Feridas;Pleno dia;Crescente;Ceu Claro;Dupla;Reta;Rural;2;2
1258738;2012-12-17;Segunda;10:56:00;SP;116;161.4;JACAREI;Outras;Queda de motocicleta / bicicleta / veículo;Com Vítimas Feridas;Plena noite;Crescente;Nevoeiro/neblina;Simples;Reta;Urbano;2;1
1262646;2012-10-16;Terça;03:30:00;SP;116;191.0;SANTA ISABEL;Outras;Colisão com objeto fixo;Sem Vítimas;Plena noite;Crescente;Ceu Claro;Dupla;Reta;Rural;1;1
1265487;2012-11-24;Sábado;21:30:00;SP;116;213.0;GUARULHOS;Não guardar distância de segurança;Colisão traseira;Com Vítimas Feridas;Plena noite;Crescente;Ceu Claro;Dupla;Reta;Urbano;4;4
1271329;2012-12-23;Domingo;15:00:00;SP;116;218.0;GUARULHOS;Falta de atenção;Colisão traseira;Sem Vítimas;Pleno dia;Crescente;Chuva;Simples;Reta;Urbano;3;3
1277322;2012-12-23;Domingo;06:00:00;SP;116;147.0;SAO JOSE DOS CAMPOS;Falta de atenção;Colisão lateral;Sem Vítimas;Amanhecer;Decrescente;Chuva;Dupla;Reta;Urbano;2;2
1277457;2012-12-30;Domingo;10:00:00;SP;116;182.5;SANTA ISABEL;Falta de atenção;Colisão traseira;Com Vítimas Feridas;Pleno dia;Decrescente;Ceu Claro;Dupla;Reta;Rural;3;2
1278096;2012-11-28;Quarta;15:00:00;SP;116;228.0;SAO PAULO;Outras;Queda de motocicleta / bicicleta / veículo;Com Vítimas Feridas;Pleno dia;Decrescente;Ceu Claro;Múltipla;Reta;Urbano;1;1
1290509;2012-11-08;Quinta;22:35:00;SP;116;173.8;JACAREI;Falta de atenção;Colisão traseira;Com Vítimas Fatais;Plena noite;Crescente;Ceu Claro;Dupla;Reta;Urbano;2;2
1297529;2012-10-26;Sexta;06:20:00;SP;116;221.0;GUARULHOS;Não guardar distância de segurança;Colisão lateral;Com Vítimas Feridas;Amanhecer;Decrescente;Nublado;Múltipla;Reta;Rural;2;2
1319937;2012-10-13;Sábado;16:45:00;SP;116;212.0;GUARULHOS;Falta de atenção;Colisão traseira;Sem Vítimas;Pleno dia;Crescente;Chuva;Simples;Reta;Urbano;2;2
1336441;2012-12-12;Quarta;17:20:00;SP;116;220.0;GUARULHOS;Outras;Colisão traseira;Sem Vítimas;Pleno dia;Decrescente;Ceu Claro;Múltipla;Reta;Urbano;2;2
83114734;2012-12-30;Domingo;08:20:00;SP;116;106.4;TAUBATE;Outras;Colisão traseira;Sem Vítimas;Pleno dia;Decrescente;Nublado;Dupla;Reta;Urbano;3;3
83302597;2012-12-06;Quinta;13:00:00;SP;116;116.9;TAUBATE;Outras;Colisão com objeto fixo;Sem Vítimas;Pleno dia;Decrescente;Ceu Claro;Dupla;Reta;Urbano;1;1
83423703;2012-12-25;Terça;18:00:00;SP;116;188.0;SANTA ISABEL;Falta de atenção;Colisão Transversal;Sem Vítimas;Pleno dia;Decrescente;Chuva;Dupla;Reta;Rural;2;2